Year,Type,Cost Center,Department,Object Account,Description,Subledger Type,Subledger,Subledger Description,Amount
2022,Expenditure,101100,CITY COUNCIL,51101,REGULAR,S,D0,CC-General,-45308.63
2022,Expenditure,101100,CITY COUNCIL,51101,REGULAR,S,D1,CC-Council District 1,254715.76
2022,Expenditure,101100,CITY COUNCIL,51101,REGULAR,S,D2,CC-Council District 2,261943.34
2022,Expenditure,101100,CITY COUNCIL,51101,REGULAR,S,D3,CC-Council District 3,277832.88
2022,Expenditure,101100,CITY COUNCIL,51101,REGULAR,S,D4,CC-Council District 4,271247.6
2022,Expenditure,101100,CITY COUNCIL,51101,REGULAR,S,D5,CC-Council District 5,276921.21
2022,Expenditure,101100,CITY COUNCIL,51101,REGULAR,S,D6,CC-Council District 6,262402.61
2022,Expenditure,101100,CITY COUNCIL,51101,REGULAR,S,D7,CC-Council District 7,251236.96
2022,Expenditure,101100,CITY COUNCIL,51101,REGULAR,S,D8,CC-Council District 8,279346.49
2022,Expenditure,101100,CITY COUNCIL,51101,REGULAR,S,D9,CC-Council District 9,253444.88
2022,Expenditure,101100,CITY COUNCIL,52101,HEALTH INSURANCE,S,D1,CC-Council District 1,16412.16
2022,Expenditure,101100,CITY COUNCIL,52101,HEALTH INSURANCE,S,D2,CC-Council District 2,8206.08
2022,Expenditure,101100,CITY COUNCIL,52101,HEALTH INSURANCE,S,D3,CC-Council District 3,24618.24
2022,Expenditure,101100,CITY COUNCIL,52101,HEALTH INSURANCE,S,D4,CC-Council District 4,41030.16
2022,Expenditure,101100,CITY COUNCIL,52101,HEALTH INSURANCE,S,D5,CC-Council District 5,24618.24
2022,Expenditure,101100,CITY COUNCIL,52101,HEALTH INSURANCE,S,D6,CC-Council District 6,49236
2022,Expenditure,101100,CITY COUNCIL,52101,HEALTH INSURANCE,S,D7,CC-Council District 7,8206.08
2022,Expenditure,101100,CITY COUNCIL,52101,HEALTH INSURANCE,S,D8,CC-Council District 8,32824.08
2022,Expenditure,101100,CITY COUNCIL,52101,HEALTH INSURANCE,S,D9,CC-Council District 9,65647.92
2022,Expenditure,101100,CITY COUNCIL,52111,OTHER INSUR/BENEFITS,S,D1,CC-Council District 1,3491.31
2022,Expenditure,101100,CITY COUNCIL,52111,OTHER INSUR/BENEFITS,S,D2,CC-Council District 2,3536.15
2022,Expenditure,101100,CITY COUNCIL,52111,OTHER INSUR/BENEFITS,S,D3,CC-Council District 3,4033.95
2022,Expenditure,101100,CITY COUNCIL,52111,OTHER INSUR/BENEFITS,S,D4,CC-Council District 4,4199.2
2022,Expenditure,101100,CITY COUNCIL,52111,OTHER INSUR/BENEFITS,S,D5,CC-Council District 5,4018.32
2022,Expenditure,101100,CITY COUNCIL,52111,OTHER INSUR/BENEFITS,S,D6,CC-Council District 6,4224.42
2022,Expenditure,101100,CITY COUNCIL,52111,OTHER INSUR/BENEFITS,S,D7,CC-Council District 7,3285.38
2022,Expenditure,101100,CITY COUNCIL,52111,OTHER INSUR/BENEFITS,S,D8,CC-Council District 8,4090.5
2022,Expenditure,101100,CITY COUNCIL,52111,OTHER INSUR/BENEFITS,S,D9,CC-Council District 9,4172.12
2022,Expenditure,101100,CITY COUNCIL,52201,SOCIAL SECURITY,S,D0,CC-General,2601
2022,Expenditure,101100,CITY COUNCIL,52201,SOCIAL SECURITY,S,D1,CC-Council District 1,19485.76
2022,Expenditure,101100,CITY COUNCIL,52201,SOCIAL SECURITY,S,D2,CC-Council District 2,20038.67
2022,Expenditure,101100,CITY COUNCIL,52201,SOCIAL SECURITY,S,D3,CC-Council District 3,21254.22
2022,Expenditure,101100,CITY COUNCIL,52201,SOCIAL SECURITY,S,D4,CC-Council District 4,20750.44
2022,Expenditure,101100,CITY COUNCIL,52201,SOCIAL SECURITY,S,D5,CC-Council District 5,21184.47
2022,Expenditure,101100,CITY COUNCIL,52201,SOCIAL SECURITY,S,D6,CC-Council District 6,20073.8
2022,Expenditure,101100,CITY COUNCIL,52201,SOCIAL SECURITY,S,D7,CC-Council District 7,19219.63
2022,Expenditure,101100,CITY COUNCIL,52201,SOCIAL SECURITY,S,D8,CC-Council District 8,21370.01
2022,Expenditure,101100,CITY COUNCIL,52201,SOCIAL SECURITY,S,D9,CC-Council District 9,19388.53
2022,Expenditure,101100,CITY COUNCIL,52305,INDEMNITY - W/C,S,D0,CC-General,11755
2022,Expenditure,101100,CITY COUNCIL,52601,PERSONAL LEAVE BUYBACK,S,D0,CC-General,34000
2022,Expenditure,101100,CITY COUNCIL,56105,POSTAGE,S,D1,CC-Council District 1,4444.44
2022,Expenditure,101100,CITY COUNCIL,56105,POSTAGE,S,D2,CC-Council District 2,4444.44
2022,Expenditure,101100,CITY COUNCIL,56105,POSTAGE,S,D3,CC-Council District 3,4444.44
2022,Expenditure,101100,CITY COUNCIL,56105,POSTAGE,S,D4,CC-Council District 4,4444.44
2022,Expenditure,101100,CITY COUNCIL,56105,POSTAGE,S,D5,CC-Council District 5,4444.44
2022,Expenditure,101100,CITY COUNCIL,56105,POSTAGE,S,D6,CC-Council District 6,4444.44
2022,Expenditure,101100,CITY COUNCIL,56105,POSTAGE,S,D7,CC-Council District 7,4444.44
2022,Expenditure,101100,CITY COUNCIL,56105,POSTAGE,S,D8,CC-Council District 8,4444.44
2022,Expenditure,101100,CITY COUNCIL,56105,POSTAGE,S,D9,CC-Council District 9,4444.44
2022,Expenditure,101200,CITY CLERK,51101,REGULAR,S,CC0,CC-General,-71340
2022,Expenditure,101200,CITY CLERK,51101,REGULAR,S,CC0,CC-General,1240128.45
2022,Expenditure,101200,CITY CLERK,52101,HEALTH INSURANCE,S,CC0,CC-General,180110.4
2022,Expenditure,101200,CITY CLERK,52111,OTHER INSUR/BENEFITS,S,CC0,CC-General,24527.83
2022,Expenditure,101200,CITY CLERK,52201,SOCIAL SECURITY,S,CC0,CC-General,100224.21
2022,Expenditure,101200,CITY CLERK,52601,PERSONAL LEAVE BUYBACK,S,CC0,CC-General,23000
2022,Expenditure,101200,CITY CLERK,52602,TUITION REIMBURSEMENT,S,CC0,CC-General,2000
2022,Expenditure,101200,CITY CLERK,53101,ADMINISTRATIVE FEES,S,CC0,CC-General,2500
2022,Expenditure,101200,CITY CLERK,53101,ADMINISTRATIVE FEES,S,CC0,CC-General,30500
2022,Expenditure,101200,CITY CLERK,53101,ADMINISTRATIVE FEES,S,CC1,CC-Council District 1,11000
2022,Expenditure,101200,CITY CLERK,53101,ADMINISTRATIVE FEES,S,CC2,CC-Council District 2,11000
2022,Expenditure,101200,CITY CLERK,53101,ADMINISTRATIVE FEES,S,CC3,CC-Council District 3,11000
2022,Expenditure,101200,CITY CLERK,53101,ADMINISTRATIVE FEES,S,CC4,CC-Council District 4,11000
2022,Expenditure,101200,CITY CLERK,53101,ADMINISTRATIVE FEES,S,CC5,CC-Council District 5,11000
2022,Expenditure,101200,CITY CLERK,53101,ADMINISTRATIVE FEES,S,CC6,CC-Council District 6,11000
2022,Expenditure,101200,CITY CLERK,53101,ADMINISTRATIVE FEES,S,CC7,CC-Council District 7,11000
2022,Expenditure,101200,CITY CLERK,53101,ADMINISTRATIVE FEES,S,CC8,CC-Council District 8,11000
2022,Expenditure,101200,CITY CLERK,53101,ADMINISTRATIVE FEES,S,CC9,CC-Council District 9,11000
2022,Expenditure,101200,CITY CLERK,53301,WORKFORCE TRAINING,S,CC0,CC-General,10500
2022,Expenditure,101200,CITY CLERK,53501,AUDITING & ACCOUNTING SERVICE,S,CC0,CC-General,18500
2022,Expenditure,101200,CITY CLERK,53509,COMPUTER MAINTANACE,S,CC0,CC-General,56300
2022,Expenditure,101200,CITY CLERK,53509,COMPUTER MAINTANACE,S,CC0,CC-General,71434
2022,Expenditure,101200,CITY CLERK,53517,LEGAL FEES,S,CC0,CC-General,50000
2022,Expenditure,101200,CITY CLERK,53529,PROTECTIVE / INVESTIGATION,S,CC0,CC-General,1000
2022,Expenditure,101200,CITY CLERK,53901,PROFESSIONAL SERVICES - CONVER,S,CC0,CC-General,15600
2022,Expenditure,101200,CITY CLERK,54101,CLEANING,S,CC0,CC-General,1600
2022,Expenditure,101200,CITY CLERK,54207,CONSTRUCTION,S,CC0,CC-General,25000
2022,Expenditure,101200,CITY CLERK,54505,OFFICE EQUIPMENT,S,CC0,CC-General,10000
2022,Expenditure,101200,CITY CLERK,55305,PROMOTIONAL,S,CC0,CC-General,1700
2022,Expenditure,101200,CITY CLERK,55309,REGULATORY,S,CC0,CC-General,2500
2022,Expenditure,101200,CITY CLERK,55501,PRINTING & BINDING,S,CC0,CC-General,1000
2022,Expenditure,101200,CITY CLERK,55701,TRANSPORTATION,S,CC0,CC-General,7000
2022,Expenditure,101200,CITY CLERK,55705,LODGING,S,CC0,CC-General,7000
2022,Expenditure,101200,CITY CLERK,55709,PER DIEM,S,CC0,CC-General,3410
2022,Expenditure,101200,CITY CLERK,56101,OFFICE SUPPLIES,S,CC0,CC-General,18500
2022,Expenditure,101200,CITY CLERK,56103,FREIGHT,S,CC0,CC-General,100
2022,Expenditure,101200,CITY CLERK,56105,POSTAGE,S,CC0,CC-General,50
2022,Expenditure,101200,CITY CLERK,56151,OPERATIONAL SUPPLIES,S,CC0,CC-General,5000
2022,Expenditure,101200,CITY CLERK,56151,OPERATIONAL SUPPLIES,S,CC0,CC-General,4300
2022,Expenditure,101200,CITY CLERK,57501,MACHINERY AND EQUIPMENT,S,CC0,CC-General,9000
2022,Expenditure,101200,CITY CLERK,57571,FURNITURE AND FIXTURES,S,CC0,CC-General,19000
2022,Expenditure,102000,MAYOR'S OFFICE,51101,REGULAR, , ,,1110201.27
2022,Expenditure,102000,MAYOR'S OFFICE,52101,HEALTH INSURANCE, , ,,123090.48
2022,Expenditure,102000,MAYOR'S OFFICE,52111,OTHER INSUR/BENEFITS, , ,,21447.24
2022,Expenditure,102000,MAYOR'S OFFICE,52201,SOCIAL SECURITY, , ,,89548.31
2022,Expenditure,102000,MAYOR'S OFFICE,52301,MEDICAL - W/C, , ,,1741
2022,Expenditure,102000,MAYOR'S OFFICE,52601,PERSONAL LEAVE BUYBACK, , ,,37000
2022,Expenditure,102000,MAYOR'S OFFICE,52602,TUITION REIMBURSEMENT, , ,,10000
2022,Expenditure,102000,MAYOR'S OFFICE,53101,ADMINISTRATIVE FEES, , ,,500
2022,Expenditure,102000,MAYOR'S OFFICE,53301,WORKFORCE TRAINING, , ,,15000
2022,Expenditure,102000,MAYOR'S OFFICE,55501,PRINTING & BINDING, , ,,8000
2022,Expenditure,102000,MAYOR'S OFFICE,56101,OFFICE SUPPLIES, , ,,8500
2022,Expenditure,102000,MAYOR'S OFFICE,56151,OPERATIONAL SUPPLIES, , ,,12800
2022,Revenue,102000,MAYOR'S OFFICE,45517,ALLEGHENY REGIONAL ASSET DISTR, , ,,-7818.03
2022,Expenditure,102100,OFFICE OF EQUITY,51101,REGULAR, , ,,716376.12
2022,Expenditure,102100,OFFICE OF EQUITY,52101,HEALTH INSURANCE, , ,,90266.4
2022,Expenditure,102100,OFFICE OF EQUITY,52111,OTHER INSUR/BENEFITS, , ,,13435.38
2022,Expenditure,102100,OFFICE OF EQUITY,52201,SOCIAL SECURITY, , ,,59465.25
2022,Expenditure,102100,OFFICE OF EQUITY,52601,PERSONAL LEAVE BUYBACK, , ,,41000
2022,Expenditure,102100,OFFICE OF EQUITY,52602,TUITION REIMBURSEMENT, , ,,15000
2022,Expenditure,102100,OFFICE OF EQUITY,53101,ADMINISTRATIVE FEES, , ,,28825
2022,Expenditure,102100,OFFICE OF EQUITY,53301,WORKFORCE TRAINING, , ,,10763
2022,Expenditure,102100,OFFICE OF EQUITY,53509,COMPUTER MAINTANACE, , ,,18937
2022,Expenditure,102100,OFFICE OF EQUITY,53901,PROFESSIONAL SERVICES - CONVER, , ,,255950
2022,Expenditure,102100,OFFICE OF EQUITY,56101,OFFICE SUPPLIES, , ,,2300
2022,Expenditure,102100,OFFICE OF EQUITY,56151,OPERATIONAL SUPPLIES, , ,,5000
2022,Expenditure,102200,OFFICE OF MANAGEMENT AND BUDGET,51101,REGULAR, , ,,1751202.64
2022,Expenditure,102200,OFFICE OF MANAGEMENT AND BUDGET,52101,HEALTH INSURANCE, , ,,245335.92
2022,Expenditure,102200,OFFICE OF MANAGEMENT AND BUDGET,52111,OTHER INSUR/BENEFITS, , ,,34333.04
2022,Expenditure,102200,OFFICE OF MANAGEMENT AND BUDGET,52201,SOCIAL SECURITY, , ,,141223.93
2022,Expenditure,102200,OFFICE OF MANAGEMENT AND BUDGET,52601,PERSONAL LEAVE BUYBACK, , ,,60000
2022,Expenditure,102200,OFFICE OF MANAGEMENT AND BUDGET,52602,TUITION REIMBURSEMENT, , ,,15000
2022,Expenditure,102200,OFFICE OF MANAGEMENT AND BUDGET,53101,ADMINISTRATIVE FEES, , ,,374033
2022,Expenditure,102200,OFFICE OF MANAGEMENT AND BUDGET,53301,WORKFORCE TRAINING, , ,,25750
2022,Expenditure,102200,OFFICE OF MANAGEMENT AND BUDGET,53509,COMPUTER MAINTANACE, , ,,276101
2022,Expenditure,102200,OFFICE OF MANAGEMENT AND BUDGET,53725,MAINTENANCE - MISC, , ,,34824
2022,Expenditure,102200,OFFICE OF MANAGEMENT AND BUDGET,53901,PROFESSIONAL SERVICES - CONVER, , ,,194812
2022,Expenditure,102200,OFFICE OF MANAGEMENT AND BUDGET,54101,CLEANING, , ,,400
2022,Expenditure,102200,OFFICE OF MANAGEMENT AND BUDGET,54201,MAINTENANCE, , ,,7187855.35
2022,Expenditure,102200,OFFICE OF MANAGEMENT AND BUDGET,54501,LAND & BUILDINGS, , ,,406905.23
2022,Expenditure,102200,OFFICE OF MANAGEMENT AND BUDGET,54513,MCHINERY & EQUIPMENTS, , ,,126000
2022,Expenditure,102200,OFFICE OF MANAGEMENT AND BUDGET,55101,INSURANCE PREMIUMS, , ,,593653.01
2022,Expenditure,102200,OFFICE OF MANAGEMENT AND BUDGET,55309,REGULATORY, , ,,2500
2022,Expenditure,102200,OFFICE OF MANAGEMENT AND BUDGET,56101,OFFICE SUPPLIES, , ,,8000
2022,Expenditure,102200,OFFICE OF MANAGEMENT AND BUDGET,56105,POSTAGE, , ,,100
2022,Expenditure,102200,OFFICE OF MANAGEMENT AND BUDGET,56151,OPERATIONAL SUPPLIES, , ,,8140
2022,Expenditure,102200,OFFICE OF MANAGEMENT AND BUDGET,56201,FUEL, , ,,3007129
2022,Expenditure,102200,OFFICE OF MANAGEMENT AND BUDGET,56401,MATERIALS, , ,,10000
2022,Expenditure,102200,OFFICE OF MANAGEMENT AND BUDGET,56501,PARTS, , ,,2870610.48
2022,Expenditure,102200,OFFICE OF MANAGEMENT AND BUDGET,58101,GRANTS, , ,,229000
2022,Revenue,102200,OFFICE OF MANAGEMENT AND BUDGET,45517,ALLEGHENY REGIONAL ASSET DISTR, , ,,-27230.64
2022,Revenue,102200,OFFICE OF MANAGEMENT AND BUDGET,45701,CDBG-CITY PLANNING, , ,,-190918.71
2022,Revenue,102200,OFFICE OF MANAGEMENT AND BUDGET,48115,OPERATING TRANSFER-SPECIAL REV, , ,,-48046286.65
2022,Expenditure,102300,OFFICE OF COMMUNITY HEALTH AND SAFETY,52602,TUITION REIMBURSEMENT, , ,,5100
2022,Expenditure,102300,OFFICE OF COMMUNITY HEALTH AND SAFETY,53301,WORKFORCE TRAINING, , ,,6000
2022,Expenditure,102300,OFFICE OF COMMUNITY HEALTH AND SAFETY,53901,PROFESSIONAL SERVICES - CONVER, , ,,30000
2022,Expenditure,102300,OFFICE OF COMMUNITY HEALTH AND SAFETY,53905,PREVENTION, , ,,5000000
2022,Expenditure,102300,OFFICE OF COMMUNITY HEALTH AND SAFETY,56101,OFFICE SUPPLIES, , ,,1000
2022,Expenditure,102300,OFFICE OF COMMUNITY HEALTH AND SAFETY,56151,OPERATIONAL SUPPLIES, , ,,21000
2022,Expenditure,102300,OFFICE OF COMMUNITY HEALTH AND SAFETY,57501,MACHINERY AND EQUIPMENT, , ,,9000
2022,Expenditure,102400,OFFICE OF IMMIGRANT AND REFUGEE AFFAIRS,51101,REGULAR, , ,,131422.3
2022,Expenditure,102400,OFFICE OF IMMIGRANT AND REFUGEE AFFAIRS,52101,HEALTH INSURANCE, , ,,32824.08
2022,Expenditure,102400,OFFICE OF IMMIGRANT AND REFUGEE AFFAIRS,52111,OTHER INSUR/BENEFITS, , ,,1541.28
2022,Expenditure,102400,OFFICE OF IMMIGRANT AND REFUGEE AFFAIRS,52201,SOCIAL SECURITY, , ,,4207.67
2022,Expenditure,103000,INNOVATION & PERFORMANCE,51101,REGULAR, , ,,4817656.16
2022,Expenditure,103000,INNOVATION & PERFORMANCE,51401,PREMIUM PAY, , ,,37962.52
2022,Expenditure,103000,INNOVATION & PERFORMANCE,52101,HEALTH INSURANCE, , ,,775271.16
2022,Expenditure,103000,INNOVATION & PERFORMANCE,52111,OTHER INSUR/BENEFITS, , ,,100832.61
2022,Expenditure,103000,INNOVATION & PERFORMANCE,52201,SOCIAL SECURITY, , ,,404000.8
2022,Expenditure,103000,INNOVATION & PERFORMANCE,52601,PERSONAL LEAVE BUYBACK, , ,,130000
2022,Expenditure,103000,INNOVATION & PERFORMANCE,52602,TUITION REIMBURSEMENT, , ,,15000
2022,Expenditure,103000,INNOVATION & PERFORMANCE,53105,RECORDING / FILLING FEES, , ,,4000
2022,Expenditure,103000,INNOVATION & PERFORMANCE,53301,WORKFORCE TRAINING, , ,,75000
2022,Expenditure,103000,INNOVATION & PERFORMANCE,53501,AUDITING & ACCOUNTING SERVICE, , ,,152300
2022,Expenditure,103000,INNOVATION & PERFORMANCE,53509,COMPUTER MAINTANACE, , ,,6507177
2022,Expenditure,103000,INNOVATION & PERFORMANCE,53529,PROTECTIVE / INVESTIGATION, , ,,7000
2022,Expenditure,103000,INNOVATION & PERFORMANCE,53701,REPAIRS, , ,,10000
2022,Expenditure,103000,INNOVATION & PERFORMANCE,53901,PROFESSIONAL SERVICES - CONVER, , ,,225000
2022,Expenditure,103000,INNOVATION & PERFORMANCE,54509,VEHICLES, , ,,3000
2022,Expenditure,103000,INNOVATION & PERFORMANCE,55201,TELEPHONE, , ,,2660402
2022,Expenditure,103000,INNOVATION & PERFORMANCE,55501,PRINTING & BINDING, , ,,850000
2022,Expenditure,103000,INNOVATION & PERFORMANCE,56101,OFFICE SUPPLIES, , ,,20000
2022,Expenditure,103000,INNOVATION & PERFORMANCE,56151,OPERATIONAL SUPPLIES, , ,,52500
2022,Expenditure,103000,INNOVATION & PERFORMANCE,56401,MATERIALS, , ,,2000
2022,Expenditure,103000,INNOVATION & PERFORMANCE,56503,REPAIRS, , ,,5000
2022,Expenditure,103000,INNOVATION & PERFORMANCE,57501,MACHINERY AND EQUIPMENT, , ,,1900692
2022,Revenue,103000,INNOVATION & PERFORMANCE,43101,CABLE BUREAU REVENUE, , ,,-4292182.99
2022,Expenditure,105000,HUMAN RELATIONS COMM.,51101,REGULAR, , ,,389813.64
2022,Expenditure,105000,HUMAN RELATIONS COMM.,52101,HEALTH INSURANCE, , ,,75010.62
2022,Expenditure,105000,HUMAN RELATIONS COMM.,52111,OTHER INSUR/BENEFITS, , ,,8209.23
2022,Expenditure,105000,HUMAN RELATIONS COMM.,52201,SOCIAL SECURITY, , ,,30356.24
2022,Expenditure,105000,HUMAN RELATIONS COMM.,52601,PERSONAL LEAVE BUYBACK, , ,,7000
2022,Expenditure,105000,HUMAN RELATIONS COMM.,53101,ADMINISTRATIVE FEES, , ,,600
2022,Expenditure,105000,HUMAN RELATIONS COMM.,53105,RECORDING / FILLING FEES, , ,,1800
2022,Expenditure,105000,HUMAN RELATIONS COMM.,53301,WORKFORCE TRAINING, , ,,3338
2022,Expenditure,105000,HUMAN RELATIONS COMM.,53509,COMPUTER MAINTANACE, , ,,420
2022,Expenditure,105000,HUMAN RELATIONS COMM.,53901,PROFESSIONAL SERVICES - CONVER, , ,,32150
2022,Expenditure,105000,HUMAN RELATIONS COMM.,55305,PROMOTIONAL, , ,,1500
2022,Expenditure,105000,HUMAN RELATIONS COMM.,55309,REGULATORY, , ,,150
2022,Expenditure,105000,HUMAN RELATIONS COMM.,55701,TRANSPORTATION, , ,,750
2022,Expenditure,105000,HUMAN RELATIONS COMM.,56101,OFFICE SUPPLIES, , ,,2050
2022,Expenditure,105000,HUMAN RELATIONS COMM.,56151,OPERATIONAL SUPPLIES, , ,,750
2022,Expenditure,106000,CITY CONTROLLER,51101,REGULAR, , ,,3466625.46
2022,Expenditure,106000,CITY CONTROLLER,52101,HEALTH INSURANCE, , ,,613762.32
2022,Expenditure,106000,CITY CONTROLLER,52111,OTHER INSUR/BENEFITS, , ,,76953.63
2022,Expenditure,106000,CITY CONTROLLER,52201,SOCIAL SECURITY, , ,,303702.82
2022,Expenditure,106000,CITY CONTROLLER,52301,MEDICAL - W/C, , ,,8848
2022,Expenditure,106000,CITY CONTROLLER,52601,PERSONAL LEAVE BUYBACK, , ,,100000
2022,Expenditure,106000,CITY CONTROLLER,52602,TUITION REIMBURSEMENT, , ,,15000
2022,Expenditure,106000,CITY CONTROLLER,53301,WORKFORCE TRAINING, , ,,20000
2022,Expenditure,106000,CITY CONTROLLER,53501,AUDITING & ACCOUNTING SERVICE, , ,,75000
2022,Expenditure,106000,CITY CONTROLLER,53901,PROFESSIONAL SERVICES - CONVER, , ,,55000
2022,Expenditure,106000,CITY CONTROLLER,54101,CLEANING, , ,,750
2022,Expenditure,106000,CITY CONTROLLER,54201,MAINTENANCE, , ,,2250
2022,Expenditure,106000,CITY CONTROLLER,54505,OFFICE EQUIPMENT, , ,,6500
2022,Expenditure,106000,CITY CONTROLLER,55501,PRINTING & BINDING, , ,,12000
2022,Expenditure,106000,CITY CONTROLLER,56101,OFFICE SUPPLIES, , ,,9440
2022,Expenditure,106000,CITY CONTROLLER,56151,OPERATIONAL SUPPLIES, , ,,7636
2022,Expenditure,106000,CITY CONTROLLER,57501,MACHINERY AND EQUIPMENT, , ,,15819
2022,Expenditure,106000,CITY CONTROLLER,57571,FURNITURE AND FIXTURES, , ,,3820
2022,Expenditure,107000,FINANCE,51101,REGULAR, , ,,2256636.62
2022,Expenditure,107000,FINANCE,51401,PREMIUM PAY, , ,,24622.68
2022,Expenditure,107000,FINANCE,52101,HEALTH INSURANCE, , ,,400545.92
2022,Expenditure,107000,FINANCE,52111,OTHER INSUR/BENEFITS, , ,,48777.53
2022,Expenditure,107000,FINANCE,52201,SOCIAL SECURITY, , ,,182909.32
2022,Expenditure,107000,FINANCE,52401,PENSION CONTRIBUTION, , ,,53286876
2022,Expenditure,107000,FINANCE,52404,RETIREE CONTRIBUTION, , ,,1850000
2022,Expenditure,107000,FINANCE,52407,WIDOW(ER) CONTRIBUTION, , ,,80000
2022,Expenditure,107000,FINANCE,52410,SURVIVOR CONTRIBUTION, , ,,45000
2022,Expenditure,107000,FINANCE,52413,ADDITIONAL PENSION FUND, , ,,46554844
2022,Expenditure,107000,FINANCE,52419,RETIRED POLICE OFFICER, , ,,250000
2022,Expenditure,107000,FINANCE,52422,RETIRED FIREFIGHTERS, , ,,15000
2022,Expenditure,107000,FINANCE,52423,RETIRED EMS, , ,,5000
2022,Expenditure,107000,FINANCE,52601,PERSONAL LEAVE BUYBACK, , ,,43000
2022,Expenditure,107000,FINANCE,52901,OPEB CONTR, , ,,3490934
2022,Expenditure,107000,FINANCE,53101,ADMINISTRATIVE FEES, , ,,1188140
2022,Expenditure,107000,FINANCE,53105,RECORDING / FILLING FEES, , ,,3000
2022,Expenditure,107000,FINANCE,53301,WORKFORCE TRAINING, , ,,7500
2022,Expenditure,107000,FINANCE,53501,AUDITING & ACCOUNTING SERVICE, , ,,195501
2022,Expenditure,107000,FINANCE,53509,COMPUTER MAINTANACE, , ,,555541
2022,Expenditure,107000,FINANCE,53513,COURT RELATED FEES, , ,,25700
2022,Expenditure,107000,FINANCE,53517,LEGAL FEES, , ,,307500
2022,Expenditure,107000,FINANCE,53529,PROTECTIVE / INVESTIGATION, , ,,600
2022,Expenditure,107000,FINANCE,53725,MAINTENANCE - MISC, , ,,52605
2022,Expenditure,107000,FINANCE,53901,PROFESSIONAL SERVICES - CONVER, , ,,21000
2022,Expenditure,107000,FINANCE,54101,CLEANING, , ,,5200
2022,Expenditure,107000,FINANCE,54105,LANDSCAPING, , ,,1500000
2022,Expenditure,107000,FINANCE,54501,LAND & BUILDINGS, , ,,1200
2022,Expenditure,107000,FINANCE,55305,PROMOTIONAL, , ,,25000
2022,Expenditure,107000,FINANCE,55309,REGULATORY, , ,,60000
2022,Expenditure,107000,FINANCE,55501,PRINTING & BINDING, , ,,95000
2022,Expenditure,107000,FINANCE,55701,TRANSPORTATION, , ,,10000
2022,Expenditure,107000,FINANCE,56101,OFFICE SUPPLIES, , ,,15000
2022,Expenditure,107000,FINANCE,56105,POSTAGE, , ,,435500
2022,Expenditure,107000,FINANCE,56151,OPERATIONAL SUPPLIES, , ,,16800
2022,Expenditure,107000,FINANCE,56401,MATERIALS, , ,,1000
2022,Expenditure,107000,FINANCE,58101,GRANTS, , ,,40000
2022,Expenditure,107000,FINANCE,58191,REFUNDS, , ,,30000
2022,Expenditure,107000,FINANCE,82101,INTEREST EXPENSE - BONDS, , ,,17887746.45
2022,Expenditure,107000,FINANCE,82103,PRINCIPAL, , ,,42615000
2022,Revenue,107000,FINANCE,41101,REAL ESTATE-CURRENT YEAR, , ,,-146919410.5
2022,Revenue,107000,FINANCE,41105,REAL ESTATE- PRIOR YEAR, , ,,-4200857.13
2022,Revenue,107000,FINANCE,41108,P/I - REAL ESTATE TAX, , ,,-253338.14
2022,Revenue,107000,FINANCE,41201,LST- CURRENT YEAR, , ,,-10546443.29
2022,Revenue,107000,FINANCE,41205,LST- PRIOR YEAR, , ,,-4095004.04
2022,Revenue,107000,FINANCE,41208,P/I- LOCAL SERVICE TAX, , ,,-75966.2
2022,Revenue,107000,FINANCE,41311,AMUSEMENT TAX - CURRENT YEAR, , ,,-12097496.74
2022,Revenue,107000,FINANCE,41315,AMUSEMENT TAX- PRIOR YEAR, , ,,-4887724.8
2022,Revenue,107000,FINANCE,41318,P/I- AMUSEMENT TAX, , ,,-11623.95
2022,Revenue,107000,FINANCE,41411,EIT- CURRENT YEAR, , ,,-116846005.8
2022,Revenue,107000,FINANCE,41412,EIT-SCHOOL SUBSIDY, , ,,-1078.29
2022,Revenue,107000,FINANCE,41415,EIT- PRIOR YEAR, , ,,-2274.23
2022,Revenue,107000,FINANCE,41418,P/I - EIT, , ,,-1563.13
2022,Revenue,107000,FINANCE,41419,P/I-PGH40 TAX, , ,,-1381.14
2022,Revenue,107000,FINANCE,41421,FUF-CURRENT YEAR, , ,,-2972605.56
2022,Revenue,107000,FINANCE,41425,FUF- PRIOR YEAR, , ,,-1276378.52
2022,Revenue,107000,FINANCE,41428,P/I- FACILITY USAGE FEE, , ,,-98952.43
2022,Revenue,107000,FINANCE,41441,PAYROLL PREPARATION TAX-CURREN, , ,,-51981070.5
2022,Revenue,107000,FINANCE,41445,PAYROLL PREPARATION-PRIOR YEAR, , ,,-13817752.91
2022,Revenue,107000,FINANCE,41448,P/I - PAYROLL PREPREATION TAX, , ,,-582594.45
2022,Revenue,107000,FINANCE,41451,DEED TRANSFER TAX, , ,,-51989852.37
2022,Revenue,107000,FINANCE,41551,PARKING TAX- CURRENT YEAR, , ,,-47935139.68
2022,Revenue,107000,FINANCE,41555,PARKING TAX- PRIOR YEAR, , ,,-8997827.86
2022,Revenue,107000,FINANCE,41558,P/I- PARKING TAX, , ,,-19287.84
2022,Revenue,107000,FINANCE,41601,ISPT- CURRENT YEAR, , ,,-603374.22
2022,Revenue,107000,FINANCE,41605,ISPT- PRIOR YEAR, , ,,-280.76
2022,Revenue,107000,FINANCE,41608,P/I- INSITUTION AND SERVICE PR, , ,,-1170.17
2022,Revenue,107000,FINANCE,41701,ACT 77 - RAD TAX RELIEF, , ,,-22913458.16
2022,Revenue,107000,FINANCE,41905,NON-PROFIT PAYMENT FOR MUNICIA, , ,,-444768.74
2022,Revenue,107000,FINANCE,42387,EMPLOYEE PARKING FEES, , ,,-78368.19
2022,Revenue,107000,FINANCE,43119,DAILY PARKING METERS, , ,,-6283095.66
2022,Revenue,107000,FINANCE,43129,RE CERTIFICATION, , ,,-596177.8
2022,Revenue,107000,FINANCE,43133,FIRE PENSION PLAN, , ,,-64031.13
2022,Revenue,107000,FINANCE,43137,LIEN FILING, , ,,-75981.02
2022,Revenue,107000,FINANCE,43143,MUNICIPAL PENSION PLAN, , ,,-64855.3
2022,Revenue,107000,FINANCE,43147,POLICE PENSION PLAN, , ,,-64855.3
2022,Revenue,107000,FINANCE,43151,RETURNED CHECK FEE, , ,,-3781.64
2022,Revenue,107000,FINANCE,43155,WILKINSBURG TRASH COLLECTION, , ,,-961807.69
2022,Revenue,107000,FINANCE,43157,FIRE SERVICE, , ,,-1943558
2022,Revenue,107000,FINANCE,43403,WHARF PARKING, , ,,-99760.72
2022,Revenue,107000,FINANCE,43405,WHARVES, , ,,-20760
2022,Revenue,107000,FINANCE,43703,PWSA-INDIRECT COSTS, , ,,-6741320
2022,Revenue,107000,FINANCE,43901,SCHOOL BOARD TAX COLLECTION, , ,,-1577697.85
2022,Revenue,107000,FINANCE,43902,LIBRARY TAX ADMIN FEES, , ,,-49421.43
2022,Revenue,107000,FINANCE,44101,TRAFFIC COURT, , ,,-1270042.34
2022,Revenue,107000,FINANCE,44103,PARKING AUTHORITY TICKETS, , ,,-7445068
2022,Revenue,107000,FINANCE,44105,MAGISTRATE OR ALDERMAN, , ,,-94303.5
2022,Revenue,107000,FINANCE,44107,STATE POLICE, , ,,-137294.91
2022,Revenue,107000,FINANCE,44201,FOREFITURES - MONIES, , ,,-13917.41
2022,Revenue,107000,FINANCE,45109,URBAN REDEVELOPMENT AUTHORITY, , ,,-522682.22
2022,Revenue,107000,FINANCE,45113,HOUSING AUTHORITY, , ,,-832734.81
2022,Revenue,107000,FINANCE,45501,2% LOCAL SARE OF SLOTS REVENUE, , ,,-10000000
2022,Revenue,107000,FINANCE,45510,STATE PENSION AID, , ,,-24774002.6
2022,Revenue,107000,FINANCE,45519,STATE UTILITY TAX DISTRIBUTION, , ,,-420000
2022,Revenue,107000,FINANCE,45527,INTERGOVEN  REVENUE - STATE, , ,,-47544.58
2022,Revenue,107000,FINANCE,47107,INVESTMENT EARNINGS, , ,,-101000
2022,Revenue,107000,FINANCE,47113,PROJECT FUND TRANSFER, , ,,-38839.66
2022,Revenue,107000,FINANCE,48105,SALE OF SCRAP, , ,,-2671.26
2022,Revenue,107000,FINANCE,48111,VENDING MACHINE COMMISSION, , ,,-11232.96
2022,Revenue,107000,FINANCE,48112,REBATES AND INCENTIVES, , ,,-72367.42
2022,Revenue,107000,FINANCE,48303,PROCEEDS FROM LOBBYIST REGISTR, , ,,-2300
2022,Expenditure,108000,LAW,51101,REGULAR, , ,,2676626.38
2022,Expenditure,108000,LAW,51401,PREMIUM PAY, , ,,588.9
2022,Expenditure,108000,LAW,52101,HEALTH INSURANCE, , ,,453923.28
2022,Expenditure,108000,LAW,52111,OTHER INSUR/BENEFITS, , ,,54072.33
2022,Expenditure,108000,LAW,52201,SOCIAL SECURITY, , ,,215719.57
2022,Expenditure,108000,LAW,52601,PERSONAL LEAVE BUYBACK, , ,,64000
2022,Expenditure,108000,LAW,53101,ADMINISTRATIVE FEES, , ,,6400
2022,Expenditure,108000,LAW,53105,RECORDING / FILLING FEES, , ,,28000
2022,Expenditure,108000,LAW,53301,WORKFORCE TRAINING, , ,,24575
2022,Expenditure,108000,LAW,53509,COMPUTER MAINTANACE, , ,,45146
2022,Expenditure,108000,LAW,53513,COURT RELATED FEES, , ,,175000
2022,Expenditure,108000,LAW,53517,LEGAL FEES, , ,,780000
2022,Expenditure,108000,LAW,53901,PROFESSIONAL SERVICES - CONVER, , ,,125000
2022,Expenditure,108000,LAW,55309,REGULATORY, , ,,900
2022,Expenditure,108000,LAW,56101,OFFICE SUPPLIES, , ,,8000
2022,Expenditure,108000,LAW,56105,POSTAGE, , ,,300
2022,Expenditure,108000,LAW,56151,OPERATIONAL SUPPLIES, , ,,45420
2022,Expenditure,108000,LAW,58105,JUDGEMENTS, , ,,1580000
2022,Expenditure,108100,ETHICS BOARD,51101,REGULAR, , ,,100880.38
2022,Expenditure,108100,ETHICS BOARD,52101,HEALTH INSURANCE, , ,,4103.04
2022,Expenditure,108100,ETHICS BOARD,52111,OTHER INSUR/BENEFITS, , ,,487.94
2022,Expenditure,108100,ETHICS BOARD,52201,SOCIAL SECURITY, , ,,7755.6
2022,Expenditure,108100,ETHICS BOARD,52601,PERSONAL LEAVE BUYBACK, , ,,500
2022,Expenditure,108100,ETHICS BOARD,53101,ADMINISTRATIVE FEES, , ,,880
2022,Expenditure,108100,ETHICS BOARD,53105,RECORDING / FILLING FEES, , ,,3525
2022,Expenditure,108100,ETHICS BOARD,53301,WORKFORCE TRAINING, , ,,4330
2022,Expenditure,108100,ETHICS BOARD,53513,COURT RELATED FEES, , ,,3100
2022,Expenditure,108100,ETHICS BOARD,53517,LEGAL FEES, , ,,45000
2022,Expenditure,108100,ETHICS BOARD,55309,REGULATORY, , ,,250
2022,Expenditure,108100,ETHICS BOARD,55701,TRANSPORTATION, , ,,1944
2022,Expenditure,108100,ETHICS BOARD,56101,OFFICE SUPPLIES, , ,,775
2022,Expenditure,108100,ETHICS BOARD,56151,OPERATIONAL SUPPLIES, , ,,1825
2022,Expenditure,109000,HUMAN RESOURCES/CIVIL SERVICE,51101,REGULAR, , ,,2383497.18
2022,Expenditure,109000,HUMAN RESOURCES/CIVIL SERVICE,52101,HEALTH INSURANCE, , ,,1041993.12
2022,Expenditure,109000,HUMAN RESOURCES/CIVIL SERVICE,52111,OTHER INSUR/BENEFITS, , ,,278173.45
2022,Expenditure,109000,HUMAN RESOURCES/CIVIL SERVICE,52121,RETIREE HEALTH INSURANCE, , ,,24097336.8
2022,Expenditure,109000,HUMAN RESOURCES/CIVIL SERVICE,52201,SOCIAL SECURITY, , ,,181157.56
2022,Expenditure,109000,HUMAN RESOURCES/CIVIL SERVICE,52205,UNEMPLOYMENT COMP, , ,,305200
2022,Expenditure,109000,HUMAN RESOURCES/CIVIL SERVICE,52301,MEDICAL - W/C, , ,,1254742
2022,Expenditure,109000,HUMAN RESOURCES/CIVIL SERVICE,52305,INDEMNITY - W/C, , ,,307937
2022,Expenditure,109000,HUMAN RESOURCES/CIVIL SERVICE,52309,LEGAL - W/C, , ,,1399500
2022,Expenditure,109000,HUMAN RESOURCES/CIVIL SERVICE,52314,WORKER COMP - SETTLEMENT, , ,,80000
2022,Expenditure,109000,HUMAN RESOURCES/CIVIL SERVICE,52315,WORKERS COMP - FEES, , ,,18774
2022,Expenditure,109000,HUMAN RESOURCES/CIVIL SERVICE,52601,PERSONAL LEAVE BUYBACK, , ,,67000
2022,Expenditure,109000,HUMAN RESOURCES/CIVIL SERVICE,53101,ADMINISTRATIVE FEES, , ,,5600
2022,Expenditure,109000,HUMAN RESOURCES/CIVIL SERVICE,53105,RECORDING / FILLING FEES, , ,,5000
2022,Expenditure,109000,HUMAN RESOURCES/CIVIL SERVICE,53301,WORKFORCE TRAINING, , ,,20000
2022,Expenditure,109000,HUMAN RESOURCES/CIVIL SERVICE,53509,COMPUTER MAINTANACE, , ,,171431
2022,Expenditure,109000,HUMAN RESOURCES/CIVIL SERVICE,53521,MEDICAL AND DENTAL FEES, , ,,300000
2022,Expenditure,109000,HUMAN RESOURCES/CIVIL SERVICE,53525,PAYROLL PROCESSING, , ,,352000
2022,Expenditure,109000,HUMAN RESOURCES/CIVIL SERVICE,53529,PROTECTIVE / INVESTIGATION, , ,,10000
2022,Expenditure,109000,HUMAN RESOURCES/CIVIL SERVICE,53725,MAINTENANCE - MISC, , ,,4500
2022,Expenditure,109000,HUMAN RESOURCES/CIVIL SERVICE,53901,PROFESSIONAL SERVICES - CONVER, , ,,257700
2022,Expenditure,109000,HUMAN RESOURCES/CIVIL SERVICE,53907,RECREATIONAL SERVICES, , ,,48600
2022,Expenditure,109000,HUMAN RESOURCES/CIVIL SERVICE,54501,LAND & BUILDINGS, , ,,23300
2022,Expenditure,109000,HUMAN RESOURCES/CIVIL SERVICE,55301,EMPLOYMENT RELATED, , ,,90000
2022,Expenditure,109000,HUMAN RESOURCES/CIVIL SERVICE,55305,PROMOTIONAL, , ,,50000
2022,Expenditure,109000,HUMAN RESOURCES/CIVIL SERVICE,55501,PRINTING & BINDING, , ,,5000
2022,Expenditure,109000,HUMAN RESOURCES/CIVIL SERVICE,55701,TRANSPORTATION, , ,,1000
2022,Expenditure,109000,HUMAN RESOURCES/CIVIL SERVICE,56101,OFFICE SUPPLIES, , ,,27000
2022,Expenditure,109000,HUMAN RESOURCES/CIVIL SERVICE,56151,OPERATIONAL SUPPLIES, , ,,93500
2022,Expenditure,109000,HUMAN RESOURCES/CIVIL SERVICE,56401,MATERIALS, , ,,3500
2022,Expenditure,109000,HUMAN RESOURCES/CIVIL SERVICE,58102,SUMMER YOUTH EMPLOYMENT, , ,,1700000
2022,Revenue,109000,HUMAN RESOURCES/CIVIL SERVICE,43171,BENEFITS REIMBURSEMENTS, , ,,-2000000
2022,Revenue,109000,HUMAN RESOURCES/CIVIL SERVICE,45517,ALLEGHENY REGIONAL ASSET DISTR, , ,,-15049.76
2022,Revenue,109000,HUMAN RESOURCES/CIVIL SERVICE,45707,JTPA/WIA, , ,,-130000
2022,Expenditure,110000,CITY PLANNING,51101,REGULAR, , ,,2835269.67
2022,Expenditure,110000,CITY PLANNING,51401,PREMIUM PAY, , ,,4800.79
2022,Expenditure,110000,CITY PLANNING,52101,HEALTH INSURANCE, , ,,492238.8
2022,Expenditure,110000,CITY PLANNING,52111,OTHER INSUR/BENEFITS, , ,,60471.3
2022,Expenditure,110000,CITY PLANNING,52201,SOCIAL SECURITY, , ,,229460.41
2022,Expenditure,110000,CITY PLANNING,52601,PERSONAL LEAVE BUYBACK, , ,,78000
2022,Expenditure,110000,CITY PLANNING,52602,TUITION REIMBURSEMENT, , ,,35000
2022,Expenditure,110000,CITY PLANNING,53101,ADMINISTRATIVE FEES, , ,,10750
2022,Expenditure,110000,CITY PLANNING,53105,RECORDING / FILLING FEES, , ,,15500
2022,Expenditure,110000,CITY PLANNING,53301,WORKFORCE TRAINING, , ,,23500
2022,Expenditure,110000,CITY PLANNING,53509,COMPUTER MAINTANACE, , ,,43700
2022,Expenditure,110000,CITY PLANNING,53901,PROFESSIONAL SERVICES - CONVER, , ,,102000
2022,Expenditure,110000,CITY PLANNING,54101,CLEANING, , ,,1000
2022,Expenditure,110000,CITY PLANNING,55301,EMPLOYMENT RELATED, , ,,750
2022,Expenditure,110000,CITY PLANNING,55305,PROMOTIONAL, , ,,3144
2022,Expenditure,110000,CITY PLANNING,55309,REGULATORY, , ,,1750
2022,Expenditure,110000,CITY PLANNING,55501,PRINTING & BINDING, , ,,1000
2022,Expenditure,110000,CITY PLANNING,56101,OFFICE SUPPLIES, , ,,15000
2022,Expenditure,110000,CITY PLANNING,56151,OPERATIONAL SUPPLIES, , ,,12050
2022,Expenditure,110000,CITY PLANNING,58101,GRANTS, , ,,20000
2022,Revenue,110000,CITY PLANNING,42342,PROPERTY CERTIFICATE APPLICATI, , ,,-706288.41
2022,Revenue,110000,CITY PLANNING,42358,TEMPORARY OCCUPANCY, , ,,-3845.97
2022,Revenue,110000,CITY PLANNING,42359,ZONING FEES-CHANGE OF ZONE, , ,,-3800
2022,Revenue,110000,CITY PLANNING,42360,ZONING FEES-HISTORICAL REVIEW, , ,,-32889.73
2022,Revenue,110000,CITY PLANNING,42365,ZONING FEES-COMMUNICATION EQUI, , ,,-21300
2022,Revenue,110000,CITY PLANNING,42369,ZONING BOARD OF ADJUSTEMENTS, , ,,-114167.31
2022,Revenue,110000,CITY PLANNING,42373,LOT SUBDIVISION/CONSOLIDATION, , ,,-36826.47
2022,Revenue,110000,CITY PLANNING,42382,PLANNING COMMISSION FEES, , ,,-55242
2022,Revenue,110000,CITY PLANNING,43407,CITY COMMERCIAL SPACE, , ,,-246995.04
2022,Expenditure,130000,PERMITS LICENSES AND INSPECTIONS,51101,REGULAR,S,ADMB,PS-BBI-General Office,513354.7
2022,Expenditure,130000,PERMITS LICENSES AND INSPECTIONS,51101,REGULAR,S,BLD,PS-BBI-Building,101320.13
2022,Expenditure,130000,PERMITS LICENSES AND INSPECTIONS,51101,REGULAR,S,CONB,PS-BBI-New Construction & Enfo,3074350.66
2022,Expenditure,130000,PERMITS LICENSES AND INSPECTIONS,51101,REGULAR,S,ENF,PS-BBI-Code Enforcement,996762.78
2022,Expenditure,130000,PERMITS LICENSES AND INSPECTIONS,51101,REGULAR,S,LP,PS-BBI-Licenses and Permits,715783.95
2022,Expenditure,130000,PERMITS LICENSES AND INSPECTIONS,51401,PREMIUM PAY,S,ADMB,PS-BBI-General Office,157848
2022,Expenditure,130000,PERMITS LICENSES AND INSPECTIONS,51401,PREMIUM PAY,S,ENF,PS-BBI-Code Enforcement,9489.99
2022,Expenditure,130000,PERMITS LICENSES AND INSPECTIONS,52101,HEALTH INSURANCE,S,ADMB,PS-BBI-General Office,114385.8
2022,Expenditure,130000,PERMITS LICENSES AND INSPECTIONS,52101,HEALTH INSURANCE,S,BLD,PS-BBI-Building,8206.08
2022,Expenditure,130000,PERMITS LICENSES AND INSPECTIONS,52101,HEALTH INSURANCE,S,CONB,PS-BBI-New Construction & Enfo,487713.84
2022,Expenditure,130000,PERMITS LICENSES AND INSPECTIONS,52101,HEALTH INSURANCE,S,ENF,PS-BBI-Code Enforcement,269953.44
2022,Expenditure,130000,PERMITS LICENSES AND INSPECTIONS,52101,HEALTH INSURANCE,S,LP,PS-BBI-Licenses and Permits,130029.12
2022,Expenditure,130000,PERMITS LICENSES AND INSPECTIONS,52111,OTHER INSUR/BENEFITS,S,ADMB,PS-BBI-General Office,11238.03
2022,Expenditure,130000,PERMITS LICENSES AND INSPECTIONS,52111,OTHER INSUR/BENEFITS,S,BLD,PS-BBI-Building,1883.48
2022,Expenditure,130000,PERMITS LICENSES AND INSPECTIONS,52111,OTHER INSUR/BENEFITS,S,CONB,PS-BBI-New Construction & Enfo,68336.04
2022,Expenditure,130000,PERMITS LICENSES AND INSPECTIONS,52111,OTHER INSUR/BENEFITS,S,ENF,PS-BBI-Code Enforcement,36294.02
2022,Expenditure,130000,PERMITS LICENSES AND INSPECTIONS,52111,OTHER INSUR/BENEFITS,S,LP,PS-BBI-Licenses and Permits,15797.23
2022,Expenditure,130000,PERMITS LICENSES AND INSPECTIONS,52201,SOCIAL SECURITY,S,ADMB,PS-BBI-General Office,38889.13
2022,Expenditure,130000,PERMITS LICENSES AND INSPECTIONS,52201,SOCIAL SECURITY,S,BLD,PS-BBI-Building,7750.99
2022,Expenditure,130000,PERMITS LICENSES AND INSPECTIONS,52201,SOCIAL SECURITY,S,CONB,PS-BBI-New Construction & Enfo,235187.83
2022,Expenditure,130000,PERMITS LICENSES AND INSPECTIONS,52201,SOCIAL SECURITY,S,ENF,PS-BBI-Code Enforcement,141238.34
2022,Expenditure,130000,PERMITS LICENSES AND INSPECTIONS,52201,SOCIAL SECURITY,S,LP,PS-BBI-Licenses and Permits,54757.47
2022,Expenditure,130000,PERMITS LICENSES AND INSPECTIONS,52301,MEDICAL - W/C,S,ADMB,PS-BBI-General Office,18450
2022,Expenditure,130000,PERMITS LICENSES AND INSPECTIONS,52601,PERSONAL LEAVE BUYBACK,S,ADMB,PS-BBI-General Office,85000
2022,Expenditure,130000,PERMITS LICENSES AND INSPECTIONS,52602,TUITION REIMBURSEMENT,S,ADMB,PS-BBI-General Office,21000
2022,Expenditure,130000,PERMITS LICENSES AND INSPECTIONS,53101,ADMINISTRATIVE FEES,S,ADMB,PS-BBI-General Office,5000
2022,Expenditure,130000,PERMITS LICENSES AND INSPECTIONS,53105,RECORDING / FILLING FEES,S,ADMB,PS-BBI-General Office,16000
2022,Expenditure,130000,PERMITS LICENSES AND INSPECTIONS,53301,WORKFORCE TRAINING,S,ADMB,PS-BBI-General Office,96000
2022,Expenditure,130000,PERMITS LICENSES AND INSPECTIONS,53509,COMPUTER MAINTANACE,S,ADMB,PS-BBI-General Office,200000
2022,Expenditure,130000,PERMITS LICENSES AND INSPECTIONS,53509,COMPUTER MAINTANACE,S,ADMB,PS-BBI-General Office,30000
2022,Expenditure,130000,PERMITS LICENSES AND INSPECTIONS,53901,PROFESSIONAL SERVICES - CONVER,S,ADMB,PS-BBI-General Office,100000
2022,Expenditure,130000,PERMITS LICENSES AND INSPECTIONS,53901,PROFESSIONAL SERVICES - CONVER,S,ADMB,PS-BBI-General Office,108600
2022,Expenditure,130000,PERMITS LICENSES AND INSPECTIONS,54101,CLEANING,S,ADMB,PS-BBI-General Office,5000
2022,Expenditure,130000,PERMITS LICENSES AND INSPECTIONS,55305,PROMOTIONAL,S,ADMB,PS-BBI-General Office,5000
2022,Expenditure,130000,PERMITS LICENSES AND INSPECTIONS,55309,REGULATORY,S,ADMB,PS-BBI-General Office,2000
2022,Expenditure,130000,PERMITS LICENSES AND INSPECTIONS,55501,PRINTING & BINDING,S,ADMB,PS-BBI-General Office,5000
2022,Expenditure,130000,PERMITS LICENSES AND INSPECTIONS,56101,OFFICE SUPPLIES,S,ADMB,PS-BBI-General Office,20000
2022,Expenditure,130000,PERMITS LICENSES AND INSPECTIONS,56151,OPERATIONAL SUPPLIES,S,ADMB,PS-BBI-General Office,90000
2022,Expenditure,130000,PERMITS LICENSES AND INSPECTIONS,56151,OPERATIONAL SUPPLIES,S,ADMB,PS-BBI-General Office,57177
2022,Expenditure,130000,PERMITS LICENSES AND INSPECTIONS,57501,MACHINERY AND EQUIPMENT,S,ADMB,PS-BBI-General Office,5000
2022,Revenue,130000,PERMITS LICENSES AND INSPECTIONS,42104,AMUSEMENT PLACE, , ,,-56004.14
2022,Revenue,130000,PERMITS LICENSES AND INSPECTIONS,42107,GENERAL CONTRACTOR, , ,,-83926.41
2022,Revenue,130000,PERMITS LICENSES AND INSPECTIONS,42111,MECH DEVICE-GAMBLING, , ,,-29239.9
2022,Revenue,130000,PERMITS LICENSES AND INSPECTIONS,42112,AMUSEMENT PRODUCER, , ,,-5950
2022,Revenue,130000,PERMITS LICENSES AND INSPECTIONS,42113,ELECTRICAL TRADE, , ,,-43297.3
2022,Revenue,130000,PERMITS LICENSES AND INSPECTIONS,42115,MECH DEVICE-JUKE BOX, , ,,-25933.05
2022,Revenue,130000,PERMITS LICENSES AND INSPECTIONS,42116,FIRE SUPPRESSION TRADE, , ,,-2607.88
2022,Revenue,130000,PERMITS LICENSES AND INSPECTIONS,42119,LIQUOR & MALT BEVERAGE LICENSE, , ,,-376029.23
2022,Revenue,130000,PERMITS LICENSES AND INSPECTIONS,42121,PARKING LOT LICENSE, , ,,-29027.63
2022,Revenue,130000,PERMITS LICENSES AND INSPECTIONS,42123,PAWN BROKER LICENSE, , ,,-375
2022,Revenue,130000,PERMITS LICENSES AND INSPECTIONS,42125,MECH DEVICE-POOL TABLE, , ,,-7333.68
2022,Revenue,130000,PERMITS LICENSES AND INSPECTIONS,42127,SECONDHAND DEALER, , ,,-2107.38
2022,Revenue,130000,PERMITS LICENSES AND INSPECTIONS,42131,STATIONARY ENG LICENSE, , ,,-89360.29
2022,Revenue,130000,PERMITS LICENSES AND INSPECTIONS,42137,VENDOR LICENSE, , ,,-5049.53
2022,Revenue,130000,PERMITS LICENSES AND INSPECTIONS,42139,ADDITIONAL EMPLOYEE, , ,,-895.64
2022,Revenue,130000,PERMITS LICENSES AND INSPECTIONS,42141,MOBILE VEH VENDOR, , ,,-1817.62
2022,Revenue,130000,PERMITS LICENSES AND INSPECTIONS,42143,PEDDLER LICENSE, , ,,-11564.25
2022,Revenue,130000,PERMITS LICENSES AND INSPECTIONS,42149,MECH DEVICE-NON GAMBLING, , ,,-44887.19
2022,Revenue,130000,PERMITS LICENSES AND INSPECTIONS,42151,HVAC/MECHANICAL TRADE, , ,,-62517.68
2022,Revenue,130000,PERMITS LICENSES AND INSPECTIONS,42301,COMMERCIAL BUILDING, , ,,-3934976.91
2022,Revenue,130000,PERMITS LICENSES AND INSPECTIONS,42303,COMMERCIAL-SPRINKLERS, , ,,-329148.04
2022,Revenue,130000,PERMITS LICENSES AND INSPECTIONS,42305,COMMERCIAL-ELECTRIC, , ,,-868820.19
2022,Revenue,130000,PERMITS LICENSES AND INSPECTIONS,42309,COMMERCIAL- HVAC, , ,,-752677.5
2022,Revenue,130000,PERMITS LICENSES AND INSPECTIONS,42311,RESIDENTIAL BUILDING, , ,,-599698.22
2022,Revenue,130000,PERMITS LICENSES AND INSPECTIONS,42313,RESIDENTIAL-ELECTRIC, , ,,-156497.9
2022,Revenue,130000,PERMITS LICENSES AND INSPECTIONS,42317,RESIDENTIAL-HVAC, , ,,-85815.23
2022,Revenue,130000,PERMITS LICENSES AND INSPECTIONS,42318,SCAFFOLD, , ,,-21191.45
2022,Revenue,130000,PERMITS LICENSES AND INSPECTIONS,42321,BOARD OF APPEALS, , ,,-25731.11
2022,Revenue,130000,PERMITS LICENSES AND INSPECTIONS,42323,DEMOLITION, , ,,-67703.67
2022,Revenue,130000,PERMITS LICENSES AND INSPECTIONS,42327,LAND OPER PERMIT, , ,,-41985.3
2022,Revenue,130000,PERMITS LICENSES AND INSPECTIONS,42331,OCCUPANCY LOAD PLACARD, , ,,-19813.59
2022,Revenue,130000,PERMITS LICENSES AND INSPECTIONS,42333,SIGN MAINT CERTIFICATION, , ,,-63777.75
2022,Revenue,130000,PERMITS LICENSES AND INSPECTIONS,42335,SIGN PERMIT, , ,,-107028.3
2022,Revenue,130000,PERMITS LICENSES AND INSPECTIONS,42337,SIGN CONT LICENSE, , ,,-4346.47
2022,Revenue,130000,PERMITS LICENSES AND INSPECTIONS,42339,RENTAL PERMITS, , ,,-1471965
2022,Revenue,130000,PERMITS LICENSES AND INSPECTIONS,42357,ZONING FEES, , ,,-370876.75
2022,Revenue,130000,PERMITS LICENSES AND INSPECTIONS,42371,PARADE, , ,,-7158
2022,Revenue,130000,PERMITS LICENSES AND INSPECTIONS,42380,ADMINISTRATOR EXCEPTION, , ,,-31106.51
2022,Revenue,130000,PERMITS LICENSES AND INSPECTIONS,42385,PARKING PLACE INSIGNIAS, , ,,-9878.34
2022,Revenue,130000,PERMITS LICENSES AND INSPECTIONS,42901,LICENSE/PERMIT PENALTY FEE, , ,,-20705
2022,Revenue,130000,PERMITS LICENSES AND INSPECTIONS,43105,BUILDING INSPECTION REVENUE, , ,,-157848
2022,Revenue,130000,PERMITS LICENSES AND INSPECTIONS,43125,OCCUPANCY APPLICATION, , ,,-125343.27
2022,Revenue,130000,PERMITS LICENSES AND INSPECTIONS,43131,DOCUMENT COPIES & RECORDS, , ,,-23020
2022,Expenditure,210000,PS - ADMIN AND SUPPORT SERVICES,51101,REGULAR, , ,,4686912.29
2022,Expenditure,210000,PS - ADMIN AND SUPPORT SERVICES,51401,PREMIUM PAY, , ,,60000
2022,Expenditure,210000,PS - ADMIN AND SUPPORT SERVICES,52101,HEALTH INSURANCE, , ,,1198680.96
2022,Expenditure,210000,PS - ADMIN AND SUPPORT SERVICES,52111,OTHER INSUR/BENEFITS, , ,,108281.61
2022,Expenditure,210000,PS - ADMIN AND SUPPORT SERVICES,52201,SOCIAL SECURITY, , ,,380493.9
2022,Expenditure,210000,PS - ADMIN AND SUPPORT SERVICES,52301,MEDICAL - W/C, , ,,52550
2022,Expenditure,210000,PS - ADMIN AND SUPPORT SERVICES,52305,INDEMNITY - W/C, , ,,32357
2022,Expenditure,210000,PS - ADMIN AND SUPPORT SERVICES,52601,PERSONAL LEAVE BUYBACK, , ,,132000
2022,Expenditure,210000,PS - ADMIN AND SUPPORT SERVICES,52602,TUITION REIMBURSEMENT, , ,,10000
2022,Expenditure,210000,PS - ADMIN AND SUPPORT SERVICES,53101,ADMINISTRATIVE FEES, , ,,350
2022,Expenditure,210000,PS - ADMIN AND SUPPORT SERVICES,53105,RECORDING / FILLING FEES, , ,,4100
2022,Expenditure,210000,PS - ADMIN AND SUPPORT SERVICES,53301,WORKFORCE TRAINING, , ,,70000
2022,Expenditure,210000,PS - ADMIN AND SUPPORT SERVICES,53509,COMPUTER MAINTANACE, , ,,7000
2022,Expenditure,210000,PS - ADMIN AND SUPPORT SERVICES,53529,PROTECTIVE / INVESTIGATION, , ,,2610727.32
2022,Expenditure,210000,PS - ADMIN AND SUPPORT SERVICES,53725,MAINTENANCE - MISC, , ,,9800
2022,Expenditure,210000,PS - ADMIN AND SUPPORT SERVICES,53901,PROFESSIONAL SERVICES - CONVER, , ,,403000
2022,Expenditure,210000,PS - ADMIN AND SUPPORT SERVICES,53907,RECREATIONAL SERVICES, , ,,20000
2022,Expenditure,210000,PS - ADMIN AND SUPPORT SERVICES,54501,LAND & BUILDINGS, , ,,434674
2022,Expenditure,210000,PS - ADMIN AND SUPPORT SERVICES,55301,EMPLOYMENT RELATED, , ,,1000
2022,Expenditure,210000,PS - ADMIN AND SUPPORT SERVICES,55701,TRANSPORTATION, , ,,2000
2022,Expenditure,210000,PS - ADMIN AND SUPPORT SERVICES,56101,OFFICE SUPPLIES, , ,,10000
2022,Expenditure,210000,PS - ADMIN AND SUPPORT SERVICES,56151,OPERATIONAL SUPPLIES, , ,,225800
2022,Expenditure,210000,PS - ADMIN AND SUPPORT SERVICES,57501,MACHINERY AND EQUIPMENT, , ,,46500
2022,Expenditure,210000,PS - ADMIN AND SUPPORT SERVICES,57531,VEHICLES, , ,,1375000
2022,Revenue,210000,PS - ADMIN AND SUPPORT SERVICES,42389,FIRE SAFETY, , ,,-162895.35
2022,Revenue,210000,PS - ADMIN AND SUPPORT SERVICES,45113,HOUSING AUTHORITY, , ,,-1500000
2022,Revenue,210000,PS - ADMIN AND SUPPORT SERVICES,45517,ALLEGHENY REGIONAL ASSET DISTR, , ,,-251451.63
2022,Expenditure,220000,PS - EMERGENCY MED SERVICES,51101,REGULAR, , ,,14705255.73
2022,Expenditure,220000,PS - EMERGENCY MED SERVICES,51201,LONGEVITY, , ,,622000
2022,Expenditure,220000,PS - EMERGENCY MED SERVICES,51203,ALLOWANCES, , ,,7000
2022,Expenditure,220000,PS - EMERGENCY MED SERVICES,51205,UNIFORM, , ,,253200
2022,Expenditure,220000,PS - EMERGENCY MED SERVICES,51207,LEAVE BUYBACK, , ,,100000
2022,Expenditure,220000,PS - EMERGENCY MED SERVICES,51401,PREMIUM PAY, , ,,3751067.72
2022,Expenditure,220000,PS - EMERGENCY MED SERVICES,52101,HEALTH INSURANCE, , ,,2709276.48
2022,Expenditure,220000,PS - EMERGENCY MED SERVICES,52111,OTHER INSUR/BENEFITS, , ,,335339.96
2022,Expenditure,220000,PS - EMERGENCY MED SERVICES,52201,SOCIAL SECURITY, , ,,1499250.25
2022,Expenditure,220000,PS - EMERGENCY MED SERVICES,52301,MEDICAL - W/C, , ,,123633
2022,Expenditure,220000,PS - EMERGENCY MED SERVICES,52305,INDEMNITY - W/C, , ,,669848
2022,Expenditure,220000,PS - EMERGENCY MED SERVICES,52315,WORKERS COMP - FEES, , ,,12534
2022,Expenditure,220000,PS - EMERGENCY MED SERVICES,52601,PERSONAL LEAVE BUYBACK, , ,,238000
2022,Expenditure,220000,PS - EMERGENCY MED SERVICES,52602,TUITION REIMBURSEMENT, , ,,38000
2022,Expenditure,220000,PS - EMERGENCY MED SERVICES,53101,ADMINISTRATIVE FEES, , ,,1000
2022,Expenditure,220000,PS - EMERGENCY MED SERVICES,53301,WORKFORCE TRAINING, , ,,5000
2022,Expenditure,220000,PS - EMERGENCY MED SERVICES,53509,COMPUTER MAINTANACE, , ,,11000
2022,Expenditure,220000,PS - EMERGENCY MED SERVICES,53701,REPAIRS, , ,,26100
2022,Expenditure,220000,PS - EMERGENCY MED SERVICES,54101,CLEANING, , ,,5500
2022,Expenditure,220000,PS - EMERGENCY MED SERVICES,54513,MCHINERY & EQUIPMENTS, , ,,31500
2022,Expenditure,220000,PS - EMERGENCY MED SERVICES,55201,TELEPHONE, , ,,1200
2022,Expenditure,220000,PS - EMERGENCY MED SERVICES,55305,PROMOTIONAL, , ,,12000
2022,Expenditure,220000,PS - EMERGENCY MED SERVICES,56101,OFFICE SUPPLIES, , ,,20000
2022,Expenditure,220000,PS - EMERGENCY MED SERVICES,56151,OPERATIONAL SUPPLIES, , ,,838000
2022,Expenditure,220000,PS - EMERGENCY MED SERVICES,56301,PARTS, , ,,4500
2022,Expenditure,220000,PS - EMERGENCY MED SERVICES,56351,TOOLS, , ,,15000
2022,Expenditure,220000,PS - EMERGENCY MED SERVICES,56401,MATERIALS, , ,,5000
2022,Expenditure,220000,PS - EMERGENCY MED SERVICES,56501,PARTS, , ,,15000
2022,Expenditure,220000,PS - EMERGENCY MED SERVICES,56503,REPAIRS, , ,,39000
2022,Expenditure,220000,PS - EMERGENCY MED SERVICES,57501,MACHINERY AND EQUIPMENT, , ,,189500
2022,Expenditure,220000,PS - EMERGENCY MED SERVICES,58101,GRANTS, , ,,1363810
2022,Revenue,220000,PS - EMERGENCY MED SERVICES,43501,MEDICAL SERVICES REVENUE, , ,,-13365736.71
2022,Expenditure,230000,PS - POLICE BUREAU,51101,REGULAR,S,ADMP,PS-Pol-Administration Branch,4550855.88
2022,Expenditure,230000,PS - POLICE BUREAU,51101,REGULAR,S,INV,PS-Pol-Investigations Branch,15795576.16
2022,Expenditure,230000,PS - POLICE BUREAU,51101,REGULAR,S,OPS,PS-Pol-Operations,53975208.55
2022,Expenditure,230000,PS - POLICE BUREAU,51201,LONGEVITY,S,ADMP,PS-Pol-Administration Branch,159500
2022,Expenditure,230000,PS - POLICE BUREAU,51201,LONGEVITY,S,INV,PS-Pol-Investigations Branch,833500
2022,Expenditure,230000,PS - POLICE BUREAU,51201,LONGEVITY,S,OPS,PS-Pol-Operations,2241000
2022,Expenditure,230000,PS - POLICE BUREAU,51205,UNIFORM,S,ADMP,PS-Pol-Administration Branch,17100
2022,Expenditure,230000,PS - POLICE BUREAU,51205,UNIFORM,S,INV,PS-Pol-Investigations Branch,182700
2022,Expenditure,230000,PS - POLICE BUREAU,51205,UNIFORM,S,OPS,PS-Pol-Operations,660600
2022,Expenditure,230000,PS - POLICE BUREAU,51207,LEAVE BUYBACK,S,OPS,PS-Pol-Operations,420000
2022,Expenditure,230000,PS - POLICE BUREAU,51401,PREMIUM PAY,S,OPS,PS-Pol-Operations,17186393.91
2022,Expenditure,230000,PS - POLICE BUREAU,52101,HEALTH INSURANCE,S,ADMP,PS-Pol-Administration Branch,859005.84
2022,Expenditure,230000,PS - POLICE BUREAU,52101,HEALTH INSURANCE,S,INV,PS-Pol-Investigations Branch,2609305.68
2022,Expenditure,230000,PS - POLICE BUREAU,52101,HEALTH INSURANCE,S,OPS,PS-Pol-Operations,7571164.56
2022,Expenditure,230000,PS - POLICE BUREAU,52111,OTHER INSUR/BENEFITS,S,ADMP,PS-Pol-Administration Branch,71340.93
2022,Expenditure,230000,PS - POLICE BUREAU,52111,OTHER INSUR/BENEFITS,S,INV,PS-Pol-Investigations Branch,176047.52
2022,Expenditure,230000,PS - POLICE BUREAU,52111,OTHER INSUR/BENEFITS,S,OPS,PS-Pol-Operations,484995.46
2022,Expenditure,230000,PS - POLICE BUREAU,52201,SOCIAL SECURITY,S,ADMP,PS-Pol-Administration Branch,226830.2
2022,Expenditure,230000,PS - POLICE BUREAU,52201,SOCIAL SECURITY,S,INV,PS-Pol-Investigations Branch,243770.75
2022,Expenditure,230000,PS - POLICE BUREAU,52201,SOCIAL SECURITY,S,OPS,PS-Pol-Operations,1084910.32
2022,Expenditure,230000,PS - POLICE BUREAU,52301,MEDICAL - W/C,S,OPS,PS-Pol-Operations,1605469
2022,Expenditure,230000,PS - POLICE BUREAU,52305,INDEMNITY - W/C,S,OPS,PS-Pol-Operations,2509416
2022,Expenditure,230000,PS - POLICE BUREAU,52315,WORKERS COMP - FEES,S,OPS,PS-Pol-Operations,58999
2022,Expenditure,230000,PS - POLICE BUREAU,52601,PERSONAL LEAVE BUYBACK,S,OPS,PS-Pol-Operations,312000
2022,Expenditure,230000,PS - POLICE BUREAU,52602,TUITION REIMBURSEMENT,S,ADMP,PS-Pol-Administration Branch,10000
2022,Expenditure,230000,PS - POLICE BUREAU,53301,WORKFORCE TRAINING,S,ADMP,PS-Pol-Administration Branch,50000
2022,Expenditure,230000,PS - POLICE BUREAU,53509,COMPUTER MAINTANACE,S,ADMP,PS-Pol-Administration Branch,125000
2022,Expenditure,230000,PS - POLICE BUREAU,53529,PROTECTIVE / INVESTIGATION,S,ADMP,PS-Pol-Administration Branch,100000
2022,Expenditure,230000,PS - POLICE BUREAU,53533,ANIMAL SERVICES,S,ADMP,PS-Pol-Administration Branch,196300
2022,Expenditure,230000,PS - POLICE BUREAU,53545,TOWING SERVICES,S,ADMP,PS-Pol-Administration Branch,75000
2022,Expenditure,230000,PS - POLICE BUREAU,53725,MAINTENANCE - MISC,S,ADMP,PS-Pol-Administration Branch,160200
2022,Expenditure,230000,PS - POLICE BUREAU,53901,PROFESSIONAL SERVICES - CONVER,S,ADMP,PS-Pol-Administration Branch,50000
2022,Expenditure,230000,PS - POLICE BUREAU,54101,CLEANING,S,ADMP,PS-Pol-Administration Branch,38500
2022,Expenditure,230000,PS - POLICE BUREAU,54103,DISPOSAL - REFUSE,S,ADMP,PS-Pol-Administration Branch,1000
2022,Expenditure,230000,PS - POLICE BUREAU,54201,MAINTENANCE,S,ADMP,PS-Pol-Administration Branch,1750
2022,Expenditure,230000,PS - POLICE BUREAU,54301,BUILDING - GENERAL,S,ADMP,PS-Pol-Administration Branch,5000
2022,Expenditure,230000,PS - POLICE BUREAU,54501,LAND & BUILDINGS,S,ADMP,PS-Pol-Administration Branch,1674480
2022,Expenditure,230000,PS - POLICE BUREAU,55201,TELEPHONE,S,ADMP,PS-Pol-Administration Branch,32500
2022,Expenditure,230000,PS - POLICE BUREAU,55305,PROMOTIONAL,S,ADMP,PS-Pol-Administration Branch,30000
2022,Expenditure,230000,PS - POLICE BUREAU,56101,OFFICE SUPPLIES,S,ADMP,PS-Pol-Administration Branch,100000
2022,Expenditure,230000,PS - POLICE BUREAU,56151,OPERATIONAL SUPPLIES,S,ADMP,PS-Pol-Administration Branch,1623300
2022,Expenditure,230000,PS - POLICE BUREAU,57501,MACHINERY AND EQUIPMENT,S,ADMP,PS-Pol-Administration Branch,2252507
2022,Revenue,230000,PS - POLICE BUREAU,43127,POLICE RECORDS, , ,,-116203.04
2022,Expenditure,240000,OFFICE OF MUNICIPAL INVESTIGATIONS,51101,REGULAR,S,ADMO,PS-OMI-General Office,221709.49
2022,Expenditure,240000,OFFICE OF MUNICIPAL INVESTIGATIONS,51101,REGULAR,S,IOM,PS-OMI-Municipal Investigation,275011.36
2022,Expenditure,240000,OFFICE OF MUNICIPAL INVESTIGATIONS,51401,PREMIUM PAY,S,ADMO,PS-OMI-General Office,600.27
2022,Expenditure,240000,OFFICE OF MUNICIPAL INVESTIGATIONS,52101,HEALTH INSURANCE,S,ADMO,PS-OMI-General Office,32824.08
2022,Expenditure,240000,OFFICE OF MUNICIPAL INVESTIGATIONS,52101,HEALTH INSURANCE,S,IOM,PS-OMI-Municipal Investigation,57019.68
2022,Expenditure,240000,OFFICE OF MUNICIPAL INVESTIGATIONS,52111,OTHER INSUR/BENEFITS,S,ADMO,PS-OMI-General Office,4417.08
2022,Expenditure,240000,OFFICE OF MUNICIPAL INVESTIGATIONS,52111,OTHER INSUR/BENEFITS,S,IOM,PS-OMI-Municipal Investigation,5657.62
2022,Expenditure,240000,OFFICE OF MUNICIPAL INVESTIGATIONS,52201,SOCIAL SECURITY,S,ADMO,PS-OMI-General Office,18001.2
2022,Expenditure,240000,OFFICE OF MUNICIPAL INVESTIGATIONS,52201,SOCIAL SECURITY,S,IOM,PS-OMI-Municipal Investigation,21038.37
2022,Expenditure,240000,OFFICE OF MUNICIPAL INVESTIGATIONS,52601,PERSONAL LEAVE BUYBACK,S,ADMO,PS-OMI-General Office,13000
2022,Expenditure,240000,OFFICE OF MUNICIPAL INVESTIGATIONS,53101,ADMINISTRATIVE FEES,S,ADMO,PS-OMI-General Office,1000
2022,Expenditure,240000,OFFICE OF MUNICIPAL INVESTIGATIONS,53105,RECORDING / FILLING FEES,S,ADMO,PS-OMI-General Office,4500
2022,Expenditure,240000,OFFICE OF MUNICIPAL INVESTIGATIONS,53301,WORKFORCE TRAINING,S,ADMO,PS-OMI-General Office,15000
2022,Expenditure,240000,OFFICE OF MUNICIPAL INVESTIGATIONS,53517,LEGAL FEES,S,ADMO,PS-OMI-General Office,10000
2022,Expenditure,240000,OFFICE OF MUNICIPAL INVESTIGATIONS,53529,PROTECTIVE / INVESTIGATION,S,ADMO,PS-OMI-General Office,37500
2022,Expenditure,240000,OFFICE OF MUNICIPAL INVESTIGATIONS,55305,PROMOTIONAL,S,ADMO,PS-OMI-General Office,2500
2022,Expenditure,240000,OFFICE OF MUNICIPAL INVESTIGATIONS,55701,TRANSPORTATION,S,IOM,PS-OMI-Municipal Investigation,500
2022,Expenditure,240000,OFFICE OF MUNICIPAL INVESTIGATIONS,56101,OFFICE SUPPLIES,S,ADMO,PS-OMI-General Office,6000
2022,Expenditure,240000,OFFICE OF MUNICIPAL INVESTIGATIONS,56103,FREIGHT,S,ADMO,PS-OMI-General Office,150
2022,Expenditure,240000,OFFICE OF MUNICIPAL INVESTIGATIONS,56151,OPERATIONAL SUPPLIES,S,ADMO,PS-OMI-General Office,5500
2022,Expenditure,250000,PS - FIRE BUREAU,51101,REGULAR,S,ADMF,PS-Fire-Administration,528741.62
2022,Expenditure,250000,PS - FIRE BUREAU,51101,REGULAR,S,FSP,PS-Fire-Fire Suppression,50599411.52
2022,Expenditure,250000,PS - FIRE BUREAU,51101,REGULAR,S,FSTA,PS-Fire Training Academy,391376.13
2022,Expenditure,250000,PS - FIRE BUREAU,51201,LONGEVITY,S,ADMF,PS-Fire-Administration,5000
2022,Expenditure,250000,PS - FIRE BUREAU,51201,LONGEVITY,S,FSP,PS-Fire-Fire Suppression,1880595.28
2022,Expenditure,250000,PS - FIRE BUREAU,51201,LONGEVITY,S,FSTA,PS-Fire Training Academy,17000
2022,Expenditure,250000,PS - FIRE BUREAU,51203,ALLOWANCES,S,FSP,PS-Fire-Fire Suppression,262700
2022,Expenditure,250000,PS - FIRE BUREAU,51205,UNIFORM,S,ADMF,PS-Fire-Administration,2982.15
2022,Expenditure,250000,PS - FIRE BUREAU,51205,UNIFORM,S,FSP,PS-Fire-Fire Suppression,668995.65
2022,Expenditure,250000,PS - FIRE BUREAU,51205,UNIFORM,S,FSTA,PS-Fire Training Academy,3976.2
2022,Expenditure,250000,PS - FIRE BUREAU,51207,LEAVE BUYBACK,S,FSP,PS-Fire-Fire Suppression,1200000
2022,Expenditure,250000,PS - FIRE BUREAU,51401,PREMIUM PAY,S,FSP,PS-Fire-Fire Suppression,17218000
2022,Expenditure,250000,PS - FIRE BUREAU,52101,HEALTH INSURANCE,S,ADMF,PS-Fire-Administration,57623.04
2022,Expenditure,250000,PS - FIRE BUREAU,52101,HEALTH INSURANCE,S,FSP,PS-Fire-Fire Suppression,8758326.12
2022,Expenditure,250000,PS - FIRE BUREAU,52101,HEALTH INSURANCE,S,FSTA,PS-Fire Training Academy,67948.32
2022,Expenditure,250000,PS - FIRE BUREAU,52111,OTHER INSUR/BENEFITS,S,ADMF,PS-Fire-Administration,10494.76
2022,Expenditure,250000,PS - FIRE BUREAU,52111,OTHER INSUR/BENEFITS,S,FSP,PS-Fire-Fire Suppression,248746.68
2022,Expenditure,250000,PS - FIRE BUREAU,52111,OTHER INSUR/BENEFITS,S,FSTA,PS-Fire Training Academy,1863.6
2022,Expenditure,250000,PS - FIRE BUREAU,52201,SOCIAL SECURITY,S,ADMF,PS-Fire-Administration,41779.37
2022,Expenditure,250000,PS - FIRE BUREAU,52201,SOCIAL SECURITY,S,FSP,PS-Fire-Fire Suppression,1041704.69
2022,Expenditure,250000,PS - FIRE BUREAU,52201,SOCIAL SECURITY,S,FSTA,PS-Fire Training Academy,5979.11
2022,Expenditure,250000,PS - FIRE BUREAU,52301,MEDICAL - W/C,S,ADMF,PS-Fire-Administration,980168
2022,Expenditure,250000,PS - FIRE BUREAU,52305,INDEMNITY - W/C,S,ADMF,PS-Fire-Administration,5609834
2022,Expenditure,250000,PS - FIRE BUREAU,52315,WORKERS COMP - FEES,S,ADMF,PS-Fire-Administration,132309
2022,Expenditure,250000,PS - FIRE BUREAU,52601,PERSONAL LEAVE BUYBACK,S,ADMF,PS-Fire-Administration,12000
2022,Expenditure,250000,PS - FIRE BUREAU,53101,ADMINISTRATIVE FEES,S,ADMF,PS-Fire-Administration,1500
2022,Expenditure,250000,PS - FIRE BUREAU,53301,WORKFORCE TRAINING,S,ADMF,PS-Fire-Administration,30000
2022,Expenditure,250000,PS - FIRE BUREAU,53509,COMPUTER MAINTANACE,S,ADMF,PS-Fire-Administration,110388
2022,Expenditure,250000,PS - FIRE BUREAU,53701,REPAIRS,S,ADMF,PS-Fire-Administration,18000
2022,Expenditure,250000,PS - FIRE BUREAU,53901,PROFESSIONAL SERVICES - CONVER,S,ADMF,PS-Fire-Administration,168857
2022,Expenditure,250000,PS - FIRE BUREAU,54101,CLEANING,S,ADMF,PS-Fire-Administration,5000
2022,Expenditure,250000,PS - FIRE BUREAU,54501,LAND & BUILDINGS,S,ADMF,PS-Fire-Administration,20100
2022,Expenditure,250000,PS - FIRE BUREAU,55701,TRANSPORTATION,S,ADMF,PS-Fire-Administration,500
2022,Expenditure,250000,PS - FIRE BUREAU,56101,OFFICE SUPPLIES,S,ADMF,PS-Fire-Administration,70000
2022,Expenditure,250000,PS - FIRE BUREAU,56151,OPERATIONAL SUPPLIES,S,ADMF,PS-Fire-Administration,1564000
2022,Expenditure,250000,PS - FIRE BUREAU,56301,PARTS,S,ADMF,PS-Fire-Administration,25000
2022,Expenditure,250000,PS - FIRE BUREAU,56401,MATERIALS,S,ADMF,PS-Fire-Administration,134000
2022,Expenditure,250000,PS - FIRE BUREAU,57501,MACHINERY AND EQUIPMENT,S,ADMF,PS-Fire-Administration,232723
2022,Revenue,250000,PS - FIRE BUREAU,42307,COMMERCIAL-FIRE ALARM, , ,,-353520.82
2022,Revenue,250000,PS - FIRE BUREAU,42315,RESIDENTIAL- FIRE ALARM, , ,,-127281.29
2022,Revenue,250000,PS - FIRE BUREAU,42326,HAZMAT PERMITS, , ,,-1477.27
2022,Revenue,250000,PS - FIRE BUREAU,42328,HAZMAT/STORAGE LICENSE, , ,,-691.04
2022,Revenue,250000,PS - FIRE BUREAU,43115,BURGLAR ALARMS, , ,,-15641.67
2022,Revenue,250000,PS - FIRE BUREAU,43123,FIRE RECORDS, , ,,-3308.59
2022,Revenue,250000,PS - FIRE BUREAU,43153,SAFETY INSPECTIONS, , ,,-63775.08
2022,Expenditure,280000,PS - BUREAU OF ANIMAL CARE AND CONTROL,51101,REGULAR, , ,,767638.81
2022,Expenditure,280000,PS - BUREAU OF ANIMAL CARE AND CONTROL,51201,LONGEVITY, , ,,5750
2022,Expenditure,280000,PS - BUREAU OF ANIMAL CARE AND CONTROL,51203,ALLOWANCES, , ,,5000
2022,Expenditure,280000,PS - BUREAU OF ANIMAL CARE AND CONTROL,51401,PREMIUM PAY, , ,,115000
2022,Expenditure,280000,PS - BUREAU OF ANIMAL CARE AND CONTROL,52101,HEALTH INSURANCE, , ,,130134.12
2022,Expenditure,280000,PS - BUREAU OF ANIMAL CARE AND CONTROL,52111,OTHER INSUR/BENEFITS, , ,,18829.65
2022,Expenditure,280000,PS - BUREAU OF ANIMAL CARE AND CONTROL,52201,SOCIAL SECURITY, , ,,70594.58
2022,Expenditure,280000,PS - BUREAU OF ANIMAL CARE AND CONTROL,52301,MEDICAL - W/C, , ,,2752
2022,Expenditure,280000,PS - BUREAU OF ANIMAL CARE AND CONTROL,52305,INDEMNITY - W/C, , ,,10721
2022,Expenditure,280000,PS - BUREAU OF ANIMAL CARE AND CONTROL,52315,WORKERS COMP - FEES, , ,,2652
2022,Expenditure,280000,PS - BUREAU OF ANIMAL CARE AND CONTROL,52601,PERSONAL LEAVE BUYBACK, , ,,8000
2022,Expenditure,280000,PS - BUREAU OF ANIMAL CARE AND CONTROL,53301,WORKFORCE TRAINING, , ,,7500
2022,Expenditure,280000,PS - BUREAU OF ANIMAL CARE AND CONTROL,53509,COMPUTER MAINTANACE, , ,,60000
2022,Expenditure,280000,PS - BUREAU OF ANIMAL CARE AND CONTROL,53533,ANIMAL SERVICES, , ,,354007
2022,Expenditure,280000,PS - BUREAU OF ANIMAL CARE AND CONTROL,53905,PREVENTION, , ,,70000
2022,Expenditure,280000,PS - BUREAU OF ANIMAL CARE AND CONTROL,54101,CLEANING, , ,,100000
2022,Expenditure,280000,PS - BUREAU OF ANIMAL CARE AND CONTROL,56101,OFFICE SUPPLIES, , ,,8000
2022,Expenditure,280000,PS - BUREAU OF ANIMAL CARE AND CONTROL,56151,OPERATIONAL SUPPLIES, , ,,30000
2022,Expenditure,280000,PS - BUREAU OF ANIMAL CARE AND CONTROL,57501,MACHINERY AND EQUIPMENT, , ,,20000
2022,Revenue,280000,PS - BUREAU OF ANIMAL CARE AND CONTROL,43103,ANIMAL CARE AND CONTROL REVENU, , ,,-212341.25
2022,Expenditure,410000,PW - BUREAU OF ADMINISTRATION,51101,REGULAR, , ,,52679.74
2022,Expenditure,410000,PW - BUREAU OF ADMINISTRATION,51101,REGULAR,S,ADM1,DPW-Oper-Division 1 Admin,1027315.11
2022,Expenditure,410000,PW - BUREAU OF ADMINISTRATION,51401,PREMIUM PAY,S,ADM1,DPW-Oper-Division 1 Admin,7331
2022,Expenditure,410000,PW - BUREAU OF ADMINISTRATION,52101,HEALTH INSURANCE,S,ADM1,DPW-Oper-Division 1 Admin,8206.08
2022,Expenditure,410000,PW - BUREAU OF ADMINISTRATION,52101,HEALTH INSURANCE,S,ADM1,DPW-Oper-Division 1 Admin,171828.6
2022,Expenditure,410000,PW - BUREAU OF ADMINISTRATION,52111,OTHER INSUR/BENEFITS,S,ADM1,DPW-Oper-Division 1 Admin,1049.51
2022,Expenditure,410000,PW - BUREAU OF ADMINISTRATION,52111,OTHER INSUR/BENEFITS,S,ADM1,DPW-Oper-Division 1 Admin,21323.19
2022,Expenditure,410000,PW - BUREAU OF ADMINISTRATION,52201,SOCIAL SECURITY,S,ADM1,DPW-Oper-Division 1 Admin,4030
2022,Expenditure,410000,PW - BUREAU OF ADMINISTRATION,52201,SOCIAL SECURITY,S,ADM1,DPW-Oper-Division 1 Admin,83185.27
2022,Expenditure,410000,PW - BUREAU OF ADMINISTRATION,52601,PERSONAL LEAVE BUYBACK,S,ADM1,DPW-Oper-Division 1 Admin,23000
2022,Expenditure,410000,PW - BUREAU OF ADMINISTRATION,53301,WORKFORCE TRAINING,S,ADM1,DPW-Oper-Division 1 Admin,12000
2022,Expenditure,410000,PW - BUREAU OF ADMINISTRATION,56101,OFFICE SUPPLIES,S,ADM1,DPW-Oper-Division 1 Admin,15344
2022,Expenditure,410000,PW - BUREAU OF ADMINISTRATION,56151,OPERATIONAL SUPPLIES,S,ADM1,DPW-Oper-Division 1 Admin,1000
2022,Revenue,410000,PW - BUREAU OF ADMINISTRATION,45516,LIQUID FUELS, , ,,-4072500
2022,Revenue,410000,PW - BUREAU OF ADMINISTRATION,45517,ALLEGHENY REGIONAL ASSET DISTR, , ,,-30695.03
2022,Expenditure,420000,PW - BUREAU OF PW OPERATIONS,51101,REGULAR,S,ADM1,DPW-Oper-Division 1 Admin,800080.11
2022,Expenditure,420000,PW - BUREAU OF PW OPERATIONS,51101,REGULAR,S,FOR1,DPW-Oper-Forestry-Div 1,776811.15
2022,Expenditure,420000,PW - BUREAU OF PW OPERATIONS,51101,REGULAR,S,HVY,PW-Oper-Heavy Equipment,1142954.46
2022,Expenditure,420000,PW - BUREAU OF PW OPERATIONS,51101,REGULAR,S,MAT1,DPW-Oper-Division 1 Maintenanc,9994485.64
2022,Expenditure,420000,PW - BUREAU OF PW OPERATIONS,51401,PREMIUM PAY,S,MAT1,DPW-Oper-Division 1 Maintenanc,1058704.81
2022,Expenditure,420000,PW - BUREAU OF PW OPERATIONS,52101,HEALTH INSURANCE,S,ADM1,DPW-Oper-Division 1 Admin,196271.16
2022,Expenditure,420000,PW - BUREAU OF PW OPERATIONS,52101,HEALTH INSURANCE,S,FOR1,DPW-Oper-Forestry-Div 1,162393.24
2022,Expenditure,420000,PW - BUREAU OF PW OPERATIONS,52101,HEALTH INSURANCE,S,HVY,PW-Oper-Heavy Equipment,230965.44
2022,Expenditure,420000,PW - BUREAU OF PW OPERATIONS,52101,HEALTH INSURANCE,S,MAT1,DPW-Oper-Division 1 Maintenanc,2355821.88
2022,Expenditure,420000,PW - BUREAU OF PW OPERATIONS,52111,OTHER INSUR/BENEFITS,S,ADM1,DPW-Oper-Division 1 Admin,18310.38
2022,Expenditure,420000,PW - BUREAU OF PW OPERATIONS,52111,OTHER INSUR/BENEFITS,S,FOR1,DPW-Oper-Forestry-Div 1,18984.91
2022,Expenditure,420000,PW - BUREAU OF PW OPERATIONS,52111,OTHER INSUR/BENEFITS,S,HVY,PW-Oper-Heavy Equipment,26741.17
2022,Expenditure,420000,PW - BUREAU OF PW OPERATIONS,52111,OTHER INSUR/BENEFITS,S,MAT1,DPW-Oper-Division 1 Maintenanc,257743.77
2022,Expenditure,420000,PW - BUREAU OF PW OPERATIONS,52201,SOCIAL SECURITY,S,ADM1,DPW-Oper-Division 1 Admin,61206.13
2022,Expenditure,420000,PW - BUREAU OF PW OPERATIONS,52201,SOCIAL SECURITY,S,FOR1,DPW-Oper-Forestry-Div 1,59426.05
2022,Expenditure,420000,PW - BUREAU OF PW OPERATIONS,52201,SOCIAL SECURITY,S,HVY,PW-Oper-Heavy Equipment,87436.02
2022,Expenditure,420000,PW - BUREAU OF PW OPERATIONS,52201,SOCIAL SECURITY,S,MAT1,DPW-Oper-Division 1 Maintenanc,921087.65
2022,Expenditure,420000,PW - BUREAU OF PW OPERATIONS,52301,MEDICAL - W/C,S,MAT1,DPW-Oper-Division 1 Maintenanc,316137
2022,Expenditure,420000,PW - BUREAU OF PW OPERATIONS,52305,INDEMNITY - W/C,S,MAT1,DPW-Oper-Division 1 Maintenanc,428099
2022,Expenditure,420000,PW - BUREAU OF PW OPERATIONS,52315,WORKERS COMP - FEES,S,MAT1,DPW-Oper-Division 1 Maintenanc,1701
2022,Expenditure,420000,PW - BUREAU OF PW OPERATIONS,52601,PERSONAL LEAVE BUYBACK,S,MAT1,DPW-Oper-Division 1 Maintenanc,193000
2022,Expenditure,420000,PW - BUREAU OF PW OPERATIONS,53101,ADMINISTRATIVE FEES,S,ADM1,DPW-Oper-Division 1 Admin,3000
2022,Expenditure,420000,PW - BUREAU OF PW OPERATIONS,53301,WORKFORCE TRAINING,S,ADM1,DPW-Oper-Division 1 Admin,12000
2022,Expenditure,420000,PW - BUREAU OF PW OPERATIONS,53501,AUDITING & ACCOUNTING SERVICE,S,ADM1,DPW-Oper-Division 1 Admin,50000
2022,Expenditure,420000,PW - BUREAU OF PW OPERATIONS,53901,PROFESSIONAL SERVICES - CONVER,S,MAT1,DPW-Oper-Division 1 Maintenanc,30000
2022,Expenditure,420000,PW - BUREAU OF PW OPERATIONS,54101,CLEANING,S,MAT1,DPW-Oper-Division 1 Maintenanc,1358122
2022,Expenditure,420000,PW - BUREAU OF PW OPERATIONS,54105,LANDSCAPING,S,MAT1,DPW-Oper-Division 1 Maintenanc,664495
2022,Expenditure,420000,PW - BUREAU OF PW OPERATIONS,54201,MAINTENANCE,S,ADM1,DPW-Oper-Division 1 Admin,20000
2022,Expenditure,420000,PW - BUREAU OF PW OPERATIONS,54201,MAINTENANCE,S,MAT1,DPW-Oper-Division 1 Maintenanc,120000
2022,Expenditure,420000,PW - BUREAU OF PW OPERATIONS,54207,CONSTRUCTION,S,MAT1,DPW-Oper-Division 1 Maintenanc,25000
2022,Expenditure,420000,PW - BUREAU OF PW OPERATIONS,54305,BUILDING - SYSTEMS,S,MAT1,DPW-Oper-Division 1 Maintenanc,70000
2022,Expenditure,420000,PW - BUREAU OF PW OPERATIONS,54513,MCHINERY & EQUIPMENTS,S,MAT1,DPW-Oper-Division 1 Maintenanc,26000
2022,Expenditure,420000,PW - BUREAU OF PW OPERATIONS,55701,TRANSPORTATION,S,ADM1,DPW-Oper-Division 1 Admin,53200
2022,Expenditure,420000,PW - BUREAU OF PW OPERATIONS,56101,OFFICE SUPPLIES,S,MAT1,DPW-Oper-Division 1 Maintenanc,40000
2022,Expenditure,420000,PW - BUREAU OF PW OPERATIONS,56151,OPERATIONAL SUPPLIES,S,ADM1,DPW-Oper-Division 1 Admin,8000
2022,Expenditure,420000,PW - BUREAU OF PW OPERATIONS,56151,OPERATIONAL SUPPLIES,S,MAT1,DPW-Oper-Division 1 Maintenanc,280000
2022,Expenditure,420000,PW - BUREAU OF PW OPERATIONS,56301,PARTS,S,MAT1,DPW-Oper-Division 1 Maintenanc,160000
2022,Expenditure,420000,PW - BUREAU OF PW OPERATIONS,56351,TOOLS,S,MAT1,DPW-Oper-Division 1 Maintenanc,100000
2022,Expenditure,420000,PW - BUREAU OF PW OPERATIONS,56401,MATERIALS,S,MAT1,DPW-Oper-Division 1 Maintenanc,517823
2022,Expenditure,420000,PW - BUREAU OF PW OPERATIONS,56501,PARTS,S,MAT1,DPW-Oper-Division 1 Maintenanc,125000
2022,Expenditure,420000,PW - BUREAU OF PW OPERATIONS,57501,MACHINERY AND EQUIPMENT,S,MAT1,DPW-Oper-Division 1 Maintenanc,100000
2022,Revenue,420000,PW - BUREAU OF PW OPERATIONS,42379,PICNIC AND BALLFIELD, , ,,-329536.7
2022,Revenue,420000,PW - BUREAU OF PW OPERATIONS,42381,MISCELLANEOUS, , ,,-5594.57
2022,Revenue,420000,PW - BUREAU OF PW OPERATIONS,43141,PUBLIC WORKS, , ,,-7373.72
2022,Revenue,420000,PW - BUREAU OF PW OPERATIONS,43923,MAINTENANCE, , ,,-600000
2022,Revenue,420000,PW - BUREAU OF PW OPERATIONS,45517,ALLEGHENY REGIONAL ASSET DISTR, , ,,-72542.63
2022,Expenditure,430000,PW - ENVIRONMENTAL SERVICES,51101,REGULAR,S,ESAD,DPW-ES-Admin,202798.96
2022,Expenditure,430000,PW - ENVIRONMENTAL SERVICES,51101,REGULAR,S,ESAD,DPW-ES-Admin,708613.07
2022,Expenditure,430000,PW - ENVIRONMENTAL SERVICES,51101,REGULAR,S,ESCL,DPW-ES-Collection,7112759.59
2022,Expenditure,430000,PW - ENVIRONMENTAL SERVICES,51101,REGULAR,S,ESRC,DPW-ES-Recycling,70511.38
2022,Expenditure,430000,PW - ENVIRONMENTAL SERVICES,51201,LONGEVITY,S,ESCL,DPW-ES-Collection,67250
2022,Expenditure,430000,PW - ENVIRONMENTAL SERVICES,51401,PREMIUM PAY,S,ESCL,DPW-ES-Collection,892865
2022,Expenditure,430000,PW - ENVIRONMENTAL SERVICES,52101,HEALTH INSURANCE,S,ESAD,DPW-ES-Admin,33541.8
2022,Expenditure,430000,PW - ENVIRONMENTAL SERVICES,52101,HEALTH INSURANCE,S,ESAD,DPW-ES-Admin,120374.52
2022,Expenditure,430000,PW - ENVIRONMENTAL SERVICES,52101,HEALTH INSURANCE,S,ESCL,DPW-ES-Collection,1399812.96
2022,Expenditure,430000,PW - ENVIRONMENTAL SERVICES,52101,HEALTH INSURANCE,S,ESRC,DPW-ES-Recycling,8206.08
2022,Expenditure,430000,PW - ENVIRONMENTAL SERVICES,52111,OTHER INSUR/BENEFITS,S,ESAD,DPW-ES-Admin,4616.19
2022,Expenditure,430000,PW - ENVIRONMENTAL SERVICES,52111,OTHER INSUR/BENEFITS,S,ESAD,DPW-ES-Admin,16546.44
2022,Expenditure,430000,PW - ENVIRONMENTAL SERVICES,52111,OTHER INSUR/BENEFITS,S,ESCL,DPW-ES-Collection,182885.83
2022,Expenditure,430000,PW - ENVIRONMENTAL SERVICES,52111,OTHER INSUR/BENEFITS,S,ESRC,DPW-ES-Recycling,1355.25
2022,Expenditure,430000,PW - ENVIRONMENTAL SERVICES,52201,SOCIAL SECURITY,S,ESAD,DPW-ES-Admin,15514.12
2022,Expenditure,430000,PW - ENVIRONMENTAL SERVICES,52201,SOCIAL SECURITY,S,ESAD,DPW-ES-Admin,130086.57
2022,Expenditure,430000,PW - ENVIRONMENTAL SERVICES,52201,SOCIAL SECURITY,S,ESCL,DPW-ES-Collection,568365.36
2022,Expenditure,430000,PW - ENVIRONMENTAL SERVICES,52201,SOCIAL SECURITY,S,ESRC,DPW-ES-Recycling,5394.12
2022,Expenditure,430000,PW - ENVIRONMENTAL SERVICES,52301,MEDICAL - W/C,S,ESCL,DPW-ES-Collection,491726
2022,Expenditure,430000,PW - ENVIRONMENTAL SERVICES,52305,INDEMNITY - W/C,S,ESCL,DPW-ES-Collection,964741
2022,Expenditure,430000,PW - ENVIRONMENTAL SERVICES,52315,WORKERS COMP - FEES,S,ESCL,DPW-ES-Collection,45182
2022,Expenditure,430000,PW - ENVIRONMENTAL SERVICES,52601,PERSONAL LEAVE BUYBACK,S,ESAD,DPW-ES-Admin,99000
2022,Expenditure,430000,PW - ENVIRONMENTAL SERVICES,53301,WORKFORCE TRAINING,S,ESAD,DPW-ES-Admin,3000
2022,Expenditure,430000,PW - ENVIRONMENTAL SERVICES,54101,CLEANING,S,ESCL,DPW-ES-Collection,48000
2022,Expenditure,430000,PW - ENVIRONMENTAL SERVICES,54103,DISPOSAL - REFUSE,S,ESCL,DPW-ES-Collection,3995543
2022,Expenditure,430000,PW - ENVIRONMENTAL SERVICES,54201,MAINTENANCE,S,ESAD,DPW-ES-Admin,5000
2022,Expenditure,430000,PW - ENVIRONMENTAL SERVICES,54201,MAINTENANCE,S,ESCL,DPW-ES-Collection,140000
2022,Expenditure,430000,PW - ENVIRONMENTAL SERVICES,54517,ROLL OFF BOXES,S,ESCL,DPW-ES-Collection,418765
2022,Expenditure,430000,PW - ENVIRONMENTAL SERVICES,55501,PRINTING & BINDING,S,ESAD,DPW-ES-Admin,18000
2022,Expenditure,430000,PW - ENVIRONMENTAL SERVICES,55701,TRANSPORTATION,S,ESAD,DPW-ES-Admin,1000
2022,Expenditure,430000,PW - ENVIRONMENTAL SERVICES,56101,OFFICE SUPPLIES,S,ESAD,DPW-ES-Admin,12000
2022,Expenditure,430000,PW - ENVIRONMENTAL SERVICES,56151,OPERATIONAL SUPPLIES,S,ESAD,DPW-ES-Admin,1500
2022,Expenditure,430000,PW - ENVIRONMENTAL SERVICES,56151,OPERATIONAL SUPPLIES,S,ESCL,DPW-ES-Collection,126350
2022,Expenditure,430000,PW - ENVIRONMENTAL SERVICES,56401,MATERIALS,S,ESCL,DPW-ES-Collection,9000
2022,Expenditure,430000,PW - ENVIRONMENTAL SERVICES,58105,JUDGEMENTS,S,ESCL,DPW-ES-Collection,2000
2022,Revenue,430000,PW - ENVIRONMENTAL SERVICES,43705,"REFUSE- DUMPSTER, PERMANENT", , ,,-57689.53
2022,Revenue,430000,PW - ENVIRONMENTAL SERVICES,43707,"REFUSE- DUMPSTER, TEMPORARY", , ,,-25551.98
2022,Revenue,430000,PW - ENVIRONMENTAL SERVICES,45513,COMMONWEALTH RECYCLING GRANT, , ,,-315000
2022,Revenue,430000,PW - ENVIRONMENTAL SERVICES,45517,ALLEGHENY REGIONAL ASSET DISTR, , ,,-7116.35
2022,Expenditure,450000,PW - BUREAU OF FACILITIES,51101,REGULAR,S,MAT1,DPW-Oper-Division 1 Maintenanc,260869.44
2022,Expenditure,450000,PW - BUREAU OF FACILITIES,51101,REGULAR,S,MAT1,DPW-Oper-Division 1 Maintenanc,4793612.23
2022,Expenditure,450000,PW - BUREAU OF FACILITIES,51401,PREMIUM PAY,S,MAT1,DPW-Oper-Division 1 Maintenanc,144894.02
2022,Expenditure,450000,PW - BUREAU OF FACILITIES,52101,HEALTH INSURANCE,S,MAT1,DPW-Oper-Division 1 Maintenanc,53038.92
2022,Expenditure,450000,PW - BUREAU OF FACILITIES,52101,HEALTH INSURANCE,S,MAT1,DPW-Oper-Division 1 Maintenanc,847308.96
2022,Expenditure,450000,PW - BUREAU OF FACILITIES,52111,OTHER INSUR/BENEFITS,S,MAT1,DPW-Oper-Division 1 Maintenanc,6255.8
2022,Expenditure,450000,PW - BUREAU OF FACILITIES,52111,OTHER INSUR/BENEFITS,S,MAT1,DPW-Oper-Division 1 Maintenanc,113267.59
2022,Expenditure,450000,PW - BUREAU OF FACILITIES,52201,SOCIAL SECURITY,S,MAT1,DPW-Oper-Division 1 Maintenanc,19956.51
2022,Expenditure,450000,PW - BUREAU OF FACILITIES,52201,SOCIAL SECURITY,S,MAT1,DPW-Oper-Division 1 Maintenanc,410440.27
2022,Expenditure,450000,PW - BUREAU OF FACILITIES,52301,MEDICAL - W/C,S,MAT1,DPW-Oper-Division 1 Maintenanc,6925
2022,Expenditure,450000,PW - BUREAU OF FACILITIES,52601,PERSONAL LEAVE BUYBACK,S,MAT1,DPW-Oper-Division 1 Maintenanc,101000
2022,Expenditure,450000,PW - BUREAU OF FACILITIES,53301,WORKFORCE TRAINING,S,MAT1,DPW-Oper-Division 1 Maintenanc,25000
2022,Expenditure,450000,PW - BUREAU OF FACILITIES,53701,REPAIRS,S,MAT1,DPW-Oper-Division 1 Maintenanc,3000
2022,Expenditure,450000,PW - BUREAU OF FACILITIES,54201,MAINTENANCE,S,MAT1,DPW-Oper-Division 1 Maintenanc,1910275
2022,Expenditure,450000,PW - BUREAU OF FACILITIES,54204,DEMOLITION,S,MAT1,DPW-Oper-Division 1 Maintenanc,150000
2022,Expenditure,450000,PW - BUREAU OF FACILITIES,54305,BUILDING - SYSTEMS,S,MAT1,DPW-Oper-Division 1 Maintenanc,300000
2022,Expenditure,450000,PW - BUREAU OF FACILITIES,54501,LAND & BUILDINGS,S,MAT1,DPW-Oper-Division 1 Maintenanc,1122691.01
2022,Expenditure,450000,PW - BUREAU OF FACILITIES,54513,MCHINERY & EQUIPMENTS,S,MAT1,DPW-Oper-Division 1 Maintenanc,15000
2022,Expenditure,450000,PW - BUREAU OF FACILITIES,54601,ELECTRIC,S,MAT1,DPW-Oper-Division 1 Maintenanc,3891969
2022,Expenditure,450000,PW - BUREAU OF FACILITIES,54603,NATURAL GAS,S,MAT1,DPW-Oper-Division 1 Maintenanc,698715
2022,Expenditure,450000,PW - BUREAU OF FACILITIES,54605,SEWER,S,MAT1,DPW-Oper-Division 1 Maintenanc,42419
2022,Expenditure,450000,PW - BUREAU OF FACILITIES,54607,STEAM,S,MAT1,DPW-Oper-Division 1 Maintenanc,755252
2022,Expenditure,450000,PW - BUREAU OF FACILITIES,54609,WATER,S,MAT1,DPW-Oper-Division 1 Maintenanc,4104382
2022,Expenditure,450000,PW - BUREAU OF FACILITIES,56151,OPERATIONAL SUPPLIES,S,MAT1,DPW-Oper-Division 1 Maintenanc,100000
2022,Expenditure,450000,PW - BUREAU OF FACILITIES,56301,PARTS,S,MAT1,DPW-Oper-Division 1 Maintenanc,105000
2022,Expenditure,450000,PW - BUREAU OF FACILITIES,56401,MATERIALS,S,MAT1,DPW-Oper-Division 1 Maintenanc,1172500
2022,Expenditure,450000,PW - BUREAU OF FACILITIES,57571,FURNITURE AND FIXTURES,S,MAT1,DPW-Oper-Division 1 Maintenanc,199300
2022,Revenue,450000,PW - BUREAU OF FACILITIES,45517,ALLEGHENY REGIONAL ASSET DISTR, , ,,-48563.91
2022,Expenditure,500000,PARKS AND RECREATION,51101,REGULAR,S,ADMR,P&R-Admin-Gen Office,165074.66
2022,Expenditure,500000,PARKS AND RECREATION,51101,REGULAR,S,ADMR,P&R-Admin-Gen Office,298102.06
2022,Expenditure,500000,PARKS AND RECREATION,51101,REGULAR,S,RC1,P&R-Rec Cntr-Ammon,1928307.35
2022,Expenditure,500000,PARKS AND RECREATION,51101,REGULAR,S,SP1,P&R-Pools-Ammon,868911.88
2022,Expenditure,500000,PARKS AND RECREATION,51203,ALLOWANCES,S,ADMR,P&R-Admin-Gen Office,28500
2022,Expenditure,500000,PARKS AND RECREATION,51401,PREMIUM PAY,S,RC1,P&R-Rec Cntr-Ammon,126590.83
2022,Expenditure,500000,PARKS AND RECREATION,52101,HEALTH INSURANCE,S,ADMR,P&R-Admin-Gen Office,49236
2022,Expenditure,500000,PARKS AND RECREATION,52101,HEALTH INSURANCE,S,ADMR,P&R-Admin-Gen Office,36927.24
2022,Expenditure,500000,PARKS AND RECREATION,52101,HEALTH INSURANCE,S,RC1,P&R-Rec Cntr-Ammon,334334.88
2022,Expenditure,500000,PARKS AND RECREATION,52111,OTHER INSUR/BENEFITS,S,ADMR,P&R-Admin-Gen Office,2907.64
2022,Expenditure,500000,PARKS AND RECREATION,52111,OTHER INSUR/BENEFITS,S,ADMR,P&R-Admin-Gen Office,5762.23
2022,Expenditure,500000,PARKS AND RECREATION,52111,OTHER INSUR/BENEFITS,S,RC1,P&R-Rec Cntr-Ammon,35408.4
2022,Expenditure,500000,PARKS AND RECREATION,52201,SOCIAL SECURITY,S,ADMR,P&R-Admin-Gen Office,9185.71
2022,Expenditure,500000,PARKS AND RECREATION,52201,SOCIAL SECURITY,S,ADMR,P&R-Admin-Gen Office,137337.68
2022,Expenditure,500000,PARKS AND RECREATION,52201,SOCIAL SECURITY,S,RC1,P&R-Rec Cntr-Ammon,127987.38
2022,Expenditure,500000,PARKS AND RECREATION,52301,MEDICAL - W/C,S,ADMR,P&R-Admin-Gen Office,11907
2022,Expenditure,500000,PARKS AND RECREATION,52305,INDEMNITY - W/C,S,ADMR,P&R-Admin-Gen Office,11140
2022,Expenditure,500000,PARKS AND RECREATION,52601,PERSONAL LEAVE BUYBACK,S,ADMR,P&R-Admin-Gen Office,97000
2022,Expenditure,500000,PARKS AND RECREATION,53101,ADMINISTRATIVE FEES,S,ADMR,P&R-Admin-Gen Office,5000
2022,Expenditure,500000,PARKS AND RECREATION,53301,WORKFORCE TRAINING,S,ADMR,P&R-Admin-Gen Office,5000
2022,Expenditure,500000,PARKS AND RECREATION,53701,REPAIRS,S,ADMR,P&R-Admin-Gen Office,18000
2022,Expenditure,500000,PARKS AND RECREATION,53901,PROFESSIONAL SERVICES - CONVER,S,ADMR,P&R-Admin-Gen Office,35700
2022,Expenditure,500000,PARKS AND RECREATION,53907,RECREATIONAL SERVICES,S,ADMR,P&R-Admin-Gen Office,70000
2022,Expenditure,500000,PARKS AND RECREATION,53907,RECREATIONAL SERVICES,S,RC1,P&R-Rec Cntr-Ammon,10000
2022,Expenditure,500000,PARKS AND RECREATION,54103,DISPOSAL - REFUSE,S,RC1,P&R-Rec Cntr-Ammon,500
2022,Expenditure,500000,PARKS AND RECREATION,54105,LANDSCAPING,S,RC1,P&R-Rec Cntr-Ammon,1000
2022,Expenditure,500000,PARKS AND RECREATION,54509,VEHICLES,S,ADMR,P&R-Admin-Gen Office,6000
2022,Expenditure,500000,PARKS AND RECREATION,54513,MCHINERY & EQUIPMENTS,S,RC1,P&R-Rec Cntr-Ammon,17000
2022,Expenditure,500000,PARKS AND RECREATION,55201,TELEPHONE,S,RC1,P&R-Rec Cntr-Ammon,3000
2022,Expenditure,500000,PARKS AND RECREATION,55305,PROMOTIONAL,S,ADMR,P&R-Admin-Gen Office,500
2022,Expenditure,500000,PARKS AND RECREATION,55501,PRINTING & BINDING,S,ADMR,P&R-Admin-Gen Office,5000
2022,Expenditure,500000,PARKS AND RECREATION,55701,TRANSPORTATION,S,ADMR,P&R-Admin-Gen Office,5000
2022,Expenditure,500000,PARKS AND RECREATION,56101,OFFICE SUPPLIES,S,RC1,P&R-Rec Cntr-Ammon,25000
2022,Expenditure,500000,PARKS AND RECREATION,56151,OPERATIONAL SUPPLIES,S,ADMR,P&R-Admin-Gen Office,150000
2022,Expenditure,500000,PARKS AND RECREATION,56151,OPERATIONAL SUPPLIES,S,RC1,P&R-Rec Cntr-Ammon,281000
2022,Expenditure,500000,PARKS AND RECREATION,56401,MATERIALS,S,RC1,P&R-Rec Cntr-Ammon,25000
2022,Expenditure,500000,PARKS AND RECREATION,58101,GRANTS,S,ADMR,P&R-Admin-Gen Office,225000
2022,Revenue,500000,PARKS AND RECREATION,42377,MEETING ROOMS, , ,,-5559.27
2022,Revenue,500000,PARKS AND RECREATION,43165,SPECIAL PARKS PROGRAM, , ,,-19390.39
2022,Revenue,500000,PARKS AND RECREATION,43167,SWIMMING POOLS, , ,,-313379.22
2022,Revenue,500000,PARKS AND RECREATION,45507,SUMMER FOOD PROGRAM, , ,,-55000
2022,Revenue,500000,PARKS AND RECREATION,45517,ALLEGHENY REGIONAL ASSET DISTR, , ,,-90791.67
2022,Expenditure,600000,MOBILITY AND INFRASTRUCTURE,51101,REGULAR, , ,,6256370.59
2022,Expenditure,600000,MOBILITY AND INFRASTRUCTURE,51201,LONGEVITY, , ,,10000
2022,Expenditure,600000,MOBILITY AND INFRASTRUCTURE,51401,PREMIUM PAY, , ,,138792.66
2022,Expenditure,600000,MOBILITY AND INFRASTRUCTURE,52101,HEALTH INSURANCE, , ,,1154220.52
2022,Expenditure,600000,MOBILITY AND INFRASTRUCTURE,52111,OTHER INSUR/BENEFITS, , ,,137999.9
2022,Expenditure,600000,MOBILITY AND INFRASTRUCTURE,52201,SOCIAL SECURITY, , ,,519579.53
2022,Expenditure,600000,MOBILITY AND INFRASTRUCTURE,52301,MEDICAL - W/C, , ,,3645
2022,Expenditure,600000,MOBILITY AND INFRASTRUCTURE,52305,INDEMNITY - W/C, , ,,41112
2022,Expenditure,600000,MOBILITY AND INFRASTRUCTURE,52601,PERSONAL LEAVE BUYBACK, , ,,117000
2022,Expenditure,600000,MOBILITY AND INFRASTRUCTURE,52602,TUITION REIMBURSEMENT, , ,,10000
2022,Expenditure,600000,MOBILITY AND INFRASTRUCTURE,53101,ADMINISTRATIVE FEES, , ,,34000
2022,Expenditure,600000,MOBILITY AND INFRASTRUCTURE,53301,WORKFORCE TRAINING, , ,,20000
2022,Expenditure,600000,MOBILITY AND INFRASTRUCTURE,53509,COMPUTER MAINTANACE, , ,,244702.25
2022,Expenditure,600000,MOBILITY AND INFRASTRUCTURE,53901,PROFESSIONAL SERVICES - CONVER, , ,,57000
2022,Expenditure,600000,MOBILITY AND INFRASTRUCTURE,54205,ENGINEERING, , ,,50000
2022,Expenditure,600000,MOBILITY AND INFRASTRUCTURE,54513,MCHINERY & EQUIPMENTS, , ,,3000
2022,Expenditure,600000,MOBILITY AND INFRASTRUCTURE,55309,REGULATORY, , ,,500
2022,Expenditure,600000,MOBILITY AND INFRASTRUCTURE,55701,TRANSPORTATION, , ,,15000
2022,Expenditure,600000,MOBILITY AND INFRASTRUCTURE,56101,OFFICE SUPPLIES, , ,,18000
2022,Expenditure,600000,MOBILITY AND INFRASTRUCTURE,56151,OPERATIONAL SUPPLIES, , ,,111000
2022,Expenditure,600000,MOBILITY AND INFRASTRUCTURE,56351,TOOLS, , ,,45000
2022,Expenditure,600000,MOBILITY AND INFRASTRUCTURE,56401,MATERIALS, , ,,316000
2022,Revenue,600000,MOBILITY AND INFRASTRUCTURE,41658,PSP FEE/ TELECOMM LICENSING, , ,,-1049454.39
2022,Revenue,600000,MOBILITY AND INFRASTRUCTURE,42136,VALET LICENSE, , ,,-11201.85
2022,Revenue,600000,MOBILITY AND INFRASTRUCTURE,42341,EXCAVATIONS, , ,,-143971.99
2022,Revenue,600000,MOBILITY AND INFRASTRUCTURE,42343,STREET EXCAVATION-SIDEWALK OPE, , ,,-240429.13
2022,Revenue,600000,MOBILITY AND INFRASTRUCTURE,42345,STREET EXCAVATION-CURB CUTS, , ,,-86995.92
2022,Revenue,600000,MOBILITY AND INFRASTRUCTURE,42347,STREET EXCAVATION-POLE PERMITS, , ,,-38081.18
2022,Revenue,600000,MOBILITY AND INFRASTRUCTURE,42349,STREET EXCAVATION-TEMP BARRICA, , ,,-445307.15
2022,Revenue,600000,MOBILITY AND INFRASTRUCTURE,42351,STREET EXCAVATION- MACH OR EQU, , ,,-406249.31
2022,Revenue,600000,MOBILITY AND INFRASTRUCTURE,42353,ENCROACHMENTS, , ,,-28132.5
2022,Revenue,600000,MOBILITY AND INFRASTRUCTURE,42354,STREET VACATION, , ,,-6127.77
2022,Revenue,600000,MOBILITY AND INFRASTRUCTURE,42355,ENCROACHMENTS-PERMANENT BRIDGE, , ,,-23700.56
2022,Expenditure,999900,CIVILIAN REVIEW BOARD,51101,REGULAR, , ,,497153.9
2022,Expenditure,999900,CIVILIAN REVIEW BOARD,52101,HEALTH INSURANCE, , ,,73854.48
2022,Expenditure,999900,CIVILIAN REVIEW BOARD,52111,OTHER INSUR/BENEFITS, , ,,10473.94
2022,Expenditure,999900,CIVILIAN REVIEW BOARD,52201,SOCIAL SECURITY, , ,,38950.27
2022,Expenditure,999900,CIVILIAN REVIEW BOARD,52601,PERSONAL LEAVE BUYBACK, , ,,12000
2022,Expenditure,999900,CIVILIAN REVIEW BOARD,53101,ADMINISTRATIVE FEES, , ,,7500
2022,Expenditure,999900,CIVILIAN REVIEW BOARD,53105,RECORDING / FILLING FEES, , ,,2000
2022,Expenditure,999900,CIVILIAN REVIEW BOARD,53301,WORKFORCE TRAINING, , ,,8400
2022,Expenditure,999900,CIVILIAN REVIEW BOARD,53517,LEGAL FEES, , ,,50000
2022,Expenditure,999900,CIVILIAN REVIEW BOARD,53901,PROFESSIONAL SERVICES - CONVER, , ,,2000
2022,Expenditure,999900,CIVILIAN REVIEW BOARD,54101,CLEANING, , ,,2100
2022,Expenditure,999900,CIVILIAN REVIEW BOARD,54501,LAND & BUILDINGS, , ,,69488
2022,Expenditure,999900,CIVILIAN REVIEW BOARD,55305,PROMOTIONAL, , ,,5200
2022,Expenditure,999900,CIVILIAN REVIEW BOARD,55309,REGULATORY, , ,,500
2022,Expenditure,999900,CIVILIAN REVIEW BOARD,56101,OFFICE SUPPLIES, , ,,4000
2022,Expenditure,999900,CIVILIAN REVIEW BOARD,56151,OPERATIONAL SUPPLIES, , ,,13120